Date,Name,Year,Letterboxd URI
2019-01-13,Man of Steel,2013,https://boxd.it/FRk
2020-01-12,Snowpiercer,2013,https://boxd.it/3Icg
2020-01-12,1917,2019,https://boxd.it/jj4y
2020-01-27,Joker,2019,https://boxd.it/h4cS
2021-01-14,Mandy,2018,https://boxd.it/gtti
2021-01-14,Doctor Sleep,2019,https://boxd.it/i5vI
2021-01-14,Malcolm X,1992,https://boxd.it/27WE
2021-01-14,Being John Malkovich,1999,https://boxd.it/2ahu
2021-01-14,Heathers,1989,https://boxd.it/26x4
2021-01-14,Face/Off,1997,https://boxd.it/29I0
2021-01-14,Uncut Gems,2019,https://boxd.it/gXGc
2021-01-14,Con Air,1997,https://boxd.it/28gO
2021-01-14,The Rock,1996,https://boxd.it/1XM0
2021-01-14,Broken Arrow,1996,https://boxd.it/1Z9u
2021-01-14,National Treasure,2004,https://boxd.it/27x0
2021-01-14,Vampire's Kiss,1988,https://boxd.it/21aY
2021-01-14,Batman Begins,2005,https://boxd.it/2aIg
2021-01-17,Color Out of Space,2019,https://boxd.it/k1HY
2021-01-17,Ghost Rider,2007,https://boxd.it/290M
2021-01-17,Twin Peaks: Fire Walk with Me,1992,https://boxd.it/27Qw
2021-01-18,The Sorcerer's Apprentice,2010,https://boxd.it/1sGg
2021-01-21,Apostle,2018,https://boxd.it/f0so
2021-01-21,Attack the Block,2011,https://boxd.it/hFO
2021-01-25,Adaptation.,2002,https://boxd.it/26mA
2021-01-26,King Kong,2005,https://boxd.it/2aLa
2021-01-26,Eternal Sunshine of the Spotless Mind,2004,https://boxd.it/6YK
2021-01-26,In Bruges,2008,https://boxd.it/20n8
2021-01-27,The Cable Guy,1996,https://boxd.it/1XAI
2021-01-28,AK vs AK,2020,https://boxd.it/rBZ4
2021-01-28,War for the Planet of the Apes,2017,https://boxd.it/8FE2
2021-01-28,Superbad,2007,https://boxd.it/20hO
2021-01-28,Justice League,2017,https://boxd.it/4w68
2021-01-28,Big,1988,https://boxd.it/271S
2021-01-28,Elf,2003,https://boxd.it/1VyK
2021-01-28,Inception,2010,https://boxd.it/1skk
2021-01-28,Wonder Woman 1984,2020,https://boxd.it/gBtA
2021-01-28,The Outsiders,1983,https://boxd.it/2aPw
2021-01-28,The Amazing Spider-Man,2012,https://boxd.it/27PI
2021-01-28,Justice League: The Flashpoint Paradox,2013,https://boxd.it/5yWW
2021-01-28,Birdman or (The Unexpected Virtue of Ignorance),2014,https://boxd.it/5RFA
2021-01-28,Zombieland,2009,https://boxd.it/1En6
2021-01-28,Zombieland: Double Tap,2019,https://boxd.it/bgb6
2021-01-28,The Interview,2014,https://boxd.it/6KQ4
2021-01-28,BlacKkKlansman,2018,https://boxd.it/hxL8
2021-01-28,Da 5 Bloods,2020,https://boxd.it/lnXw
2021-01-28,John Wick,2014,https://boxd.it/7dEc
2021-01-28,John Wick: Chapter 2,2017,https://boxd.it/ayGu
2021-01-28,John Wick: Chapter 3 – Parabellum,2019,https://boxd.it/gmFw
2021-01-28,Star Trek,2009,https://boxd.it/1Q6c
2021-01-28,Cop Car,2015,https://boxd.it/9X0G
2021-01-28,Scott Pilgrim vs. the World,2010,https://boxd.it/1Aq6
2021-01-28,Sinister,2012,https://boxd.it/2TnW
2021-01-28,Spider-Man: Into the Spider-Verse,2018,https://boxd.it/azpY
2021-01-28,Spider-Man 2,2004,https://boxd.it/2a88
2021-01-28,Shazam!,2019,https://boxd.it/8WBu
2021-01-28,Get Out,2017,https://boxd.it/eOCm
2021-01-28,Drive,2011,https://boxd.it/IG
2021-01-28,Source Code,2011,https://boxd.it/fdo
2021-01-28,Paul,2011,https://boxd.it/13uE
2021-01-28,Parasite,2019,https://boxd.it/hTha
2021-01-28,Pineapple Express,2008,https://boxd.it/1WRS
2021-01-28,Looper,2012,https://boxd.it/ham
2021-01-28,The Hangover Part III,2013,https://boxd.it/3GNY
2021-01-28,The Hangover,2009,https://boxd.it/1GjK
2021-01-28,Batman: Under the Red Hood,2010,https://boxd.it/11eE
2021-01-28,Kick-Ass,2010,https://boxd.it/1zaQ
2021-01-28,Godzilla,2014,https://boxd.it/47OE
2021-01-28,Godzilla: King of the Monsters,2019,https://boxd.it/cY7Y
2021-01-28,Kong: Skull Island,2017,https://boxd.it/9ewM
2021-01-28,Bill & Ted's Excellent Adventure,1989,https://boxd.it/28oI
2021-01-28,Bill & Ted Face the Music,2020,https://boxd.it/i7BI
2021-01-28,Tropic Thunder,2008,https://boxd.it/20WM
2021-01-28,Minority Report,2002,https://boxd.it/2aWi
2021-01-28,Collateral,2004,https://boxd.it/28F0
2021-01-28,Mission: Impossible III,2006,https://boxd.it/29cI
2021-01-28,Aquaman,2018,https://boxd.it/9ru0
2021-01-28,Batman Forever,1995,https://boxd.it/2ara
2021-01-28,Jennifer's Body,2009,https://boxd.it/1Efw
2021-01-31,The White Tiger,2021,https://boxd.it/nhg6
2021-02-01,The Grand Budapest Hotel,2014,https://boxd.it/3ZqO
2021-02-01,The Prestige,2006,https://boxd.it/293w
2021-02-01,The Big Sick,2017,https://boxd.it/eHvy
2021-02-02,Lord of War,2005,https://boxd.it/284y
2021-02-06,National Treasure: Book of Secrets,2007,https://boxd.it/21rq
2021-02-07,Gone in Sixty Seconds,2000,https://boxd.it/1Y4y
2021-02-07,Liar Liar,1997,https://boxd.it/28sg
2021-02-08,Kiss Kiss Bang Bang,2005,https://boxd.it/23c8
2021-02-10,Nathan for You: Finding Frances,2017,https://boxd.it/hufy
2021-02-12,Pleasantville,1998,https://boxd.it/26uY
2021-02-12,Spider-Man 3,2007,https://boxd.it/2a7Y
2021-02-12,Star Wars: Episode III – Revenge of the Sith,2005,https://boxd.it/27US
2021-02-13,Willy's Wonderland,2021,https://boxd.it/nTcG
2021-02-13,Drive Angry,2011,https://boxd.it/KZy
2021-02-13,Ghost Rider: Spirit of Vengeance,2011,https://boxd.it/2qne
2021-02-14,Burn After Reading,2008,https://boxd.it/23BW
2021-02-14,Bad Lieutenant: Port of Call – New Orleans,2009,https://boxd.it/1TcW
2021-02-16,Batman v Superman: Dawn of Justice,2016,https://boxd.it/6fBW
2021-02-16,The Witch,2015,https://boxd.it/9X0m
2021-02-16,The Lighthouse,2019,https://boxd.it/icFU
2021-02-18,Sound of Metal,2019,https://boxd.it/i7Q4
2021-02-18,Tenet,2020,https://boxd.it/leq4
2021-02-19,Sky High,2005,https://boxd.it/1TNI
2021-02-21,Horrible Bosses,2011,https://boxd.it/Ba2
2021-02-21,Hell or High Water,2016,https://boxd.it/bfGM
2021-02-22,The Devil All the Time,2020,https://boxd.it/i2tY
2021-02-26,Nomadland,2020,https://boxd.it/lnRy
2021-02-26,Paddington,2014,https://boxd.it/3RKw
2021-02-26,Paddington 2,2017,https://boxd.it/bCF8
2021-03-01,Prisoners,2013,https://boxd.it/4E5i
2021-03-04,The Dark Knight,2008,https://boxd.it/2b0k
2021-03-04,Judas and the Black Messiah,2021,https://boxd.it/lsew
2021-03-06,Sorry to Bother You,2018,https://boxd.it/f21E
2021-03-06,Raising Arizona,1987,https://boxd.it/2avQ
2021-03-08,Heat,1995,https://boxd.it/2bg8
2021-03-08,Justice League Dark: Apokolips War,2020,https://boxd.it/mSeO
2021-03-08,Game Night,2018,https://boxd.it/fRtu
2021-03-08,Blade Runner 2049,2017,https://boxd.it/b8wK
2021-03-08,Baby Driver,2017,https://boxd.it/bhF2
2021-03-08,Logan,2017,https://boxd.it/7Piy
2021-03-08,The Disaster Artist,2017,https://boxd.it/cTqc
2021-03-08,Split,2016,https://boxd.it/dgSy
2021-03-08,Popstar: Never Stop Never Stopping,2016,https://boxd.it/blDa
2021-03-08,The Martian,2015,https://boxd.it/8SeG
2021-03-08,The Man from U.N.C.L.E.,2015,https://boxd.it/67lG
2021-03-08,Mad Max: Fury Road,2015,https://boxd.it/2DjO
2021-03-08,Nightcrawler,2014,https://boxd.it/780m
2021-03-08,21 Jump Street,2012,https://boxd.it/J0
2021-03-08,Hot Fuzz,2007,https://boxd.it/2416
2021-03-08,The Matrix,1999,https://boxd.it/2a1m
2021-03-08,Saving Private Ryan,1998,https://boxd.it/29ro
2021-03-08,Mortal Kombat,1995,https://boxd.it/1YZY
2021-03-08,Jojo Rabbit,2019,https://boxd.it/iEBG
2021-03-08,Sonic the Hedgehog,2020,https://boxd.it/gdK8
2021-03-08,Reign of the Supermen,2019,https://boxd.it/hyrI
2021-03-08,Avengers: Endgame,2019,https://boxd.it/9vE4
2021-03-08,"Extremely Wicked, Shockingly Evil and Vile",2019,https://boxd.it/glCG
2021-03-08,Venom,2018,https://boxd.it/b8wA
2021-03-08,Mission: Impossible – Fallout,2018,https://boxd.it/bSVc
2021-03-08,First Man,2018,https://boxd.it/cPym
2021-03-08,The Death of Superman,2018,https://boxd.it/hyjk
2021-03-08,Upgrade,2018,https://boxd.it/i4gW
2021-03-08,Dunkirk,2017,https://boxd.it/d0Y6
2021-03-08,It,2017,https://boxd.it/bC8e
2021-03-08,The Cloverfield Paradox,2018,https://boxd.it/doVA
2021-03-08,Snowden,2016,https://boxd.it/9CWO
2021-03-08,Teen Titans: The Judas Contract,2017,https://boxd.it/eo2s
2021-03-08,X-Men: Days of Future Past,2014,https://boxd.it/4aRw
2021-03-08,Interstellar,2014,https://boxd.it/4VZ8
2021-03-08,Her,2013,https://boxd.it/4O24
2021-03-08,The Wolverine,2013,https://boxd.it/2CWU
2021-03-08,The Last Airbender,2010,https://boxd.it/1WQK
2021-03-08,Kung Fu Panda,2008,https://boxd.it/1Yws
2021-03-08,Fantastic Four: Rise of the Silver Surfer,2007,https://boxd.it/27Ii
2021-03-08,Zodiac,2007,https://boxd.it/27MO
2021-03-08,Harry Potter and the Prisoner of Azkaban,2004,https://boxd.it/29Qy
2021-03-08,Unbreakable,2000,https://boxd.it/1XV2
2021-03-08,X-Men,2000,https://boxd.it/1a7s
2021-03-08,The Truman Show,1998,https://boxd.it/18U8
2021-03-08,Matilda,1996,https://boxd.it/1VhY
2021-03-08,Die Hard,1988,https://boxd.it/2a7u
2021-03-08,Captain America: The Winter Soldier,2014,https://boxd.it/3r58
2021-03-08,First Reformed,2017,https://boxd.it/go9C
2021-03-09,Lady Bird,2017,https://boxd.it/dGNE
2021-03-09,Black Panther,2018,https://boxd.it/8MHs
2021-03-09,Avengers: Infinity War,2018,https://boxd.it/9vEe
2021-03-09,Captain America: Civil War,2016,https://boxd.it/89Ja
2021-03-09,Ant-Man,2015,https://boxd.it/3vmW
2021-03-09,Captain America: The First Avenger,2011,https://boxd.it/28b0
2021-03-09,Ant-Man and the Wasp,2018,https://boxd.it/cqUW
2021-03-09,Home Alone,1990,https://boxd.it/29Fg
2021-03-09,Thor,2011,https://boxd.it/1WQU
2021-03-09,Shrek,2001,https://boxd.it/29zi
2021-03-09,Ferris Bueller's Day Off,1986,https://boxd.it/1YPY
2021-03-09,Incredibles 2,2018,https://boxd.it/7IPg
2021-03-09,Kingsman: The Secret Service,2014,https://boxd.it/6dxe
2021-03-09,Spider-Man,2002,https://boxd.it/2a8i
2021-03-09,The Lego Movie,2014,https://boxd.it/4pDO
2021-03-09,Watchmen,2009,https://boxd.it/1QE4
2021-03-09,X-Men: Apocalypse,2016,https://boxd.it/7eJi
2021-03-09,Dawn of the Planet of the Apes,2014,https://boxd.it/3XyQ
2021-03-09,Batman Returns,1992,https://boxd.it/2awa
2021-03-09,The King of Staten Island,2020,https://boxd.it/litG
2021-03-09,The Da Vinci Code,2006,https://boxd.it/2a3i
2021-03-09,Chicken Little,2005,https://boxd.it/1Xnu
2021-03-09,Ma,2019,https://boxd.it/i8Wi
2021-03-09,The Dictator,2012,https://boxd.it/2DEW
2021-03-09,Kick-Ass 2,2013,https://boxd.it/hqu
2021-03-09,Drag Me to Hell,2009,https://boxd.it/1Jzw
2021-03-09,Unfriended,2014,https://boxd.it/8sXg
2021-03-09,Death Note,2017,https://boxd.it/bOS4
2021-03-09,Hulk,2003,https://boxd.it/27PS
2021-03-09,Ender's Game,2013,https://boxd.it/2N9Y
2021-03-09,Superman Returns,2006,https://boxd.it/28J2
2021-03-09,Annie,1982,https://boxd.it/1LCi
2021-03-09,Elektra,2005,https://boxd.it/1XsE
2021-03-09,Knives Out,2019,https://boxd.it/jWEA
2021-03-09,Once Upon a Time... in Hollywood,2019,https://boxd.it/gH0O
2021-03-09,Fight Club,1999,https://boxd.it/2a9q
2021-03-09,Pulp Fiction,1994,https://boxd.it/29Pq
2021-03-09,The Silence of the Lambs,1991,https://boxd.it/2aHW
2021-03-09,Inside Out,2015,https://boxd.it/4KHC
2021-03-09,Avengers: Age of Ultron,2015,https://boxd.it/3qi6
2021-03-09,Good Time,2017,https://boxd.it/fcFu
2021-03-09,Eighth Grade,2018,https://boxd.it/hDMG
2021-03-09,Sicario,2015,https://boxd.it/8i7u
2021-03-09,The Terminator,1984,https://boxd.it/2aQY
2021-03-09,Brave,2012,https://boxd.it/bVG
2021-03-09,Casino Royale,2006,https://boxd.it/1alk
2021-03-09,Creed,2015,https://boxd.it/a2qk
2021-03-09,Halloween,2018,https://boxd.it/f0uE
2021-03-09,Insidious,2010,https://boxd.it/H4k
2021-03-09,The Raid,2011,https://boxd.it/3hBy
2021-03-09,Bruce Almighty,2003,https://boxd.it/2aCC
2021-03-09,Cloudy with a Chance of Meatballs,2009,https://boxd.it/1A40
2021-03-09,Men in Black 3,2012,https://boxd.it/103U
2021-03-09,Fantastic Four,2005,https://boxd.it/1XVw
2021-03-09,Hancock,2008,https://boxd.it/1Zv6
2021-03-09,Overlord,2018,https://boxd.it/fAwm
2021-03-09,Chronicle,2012,https://boxd.it/2Emk
2021-03-09,Dope,2015,https://boxd.it/9Tho
2021-03-09,Lord of the Flies,1963,https://boxd.it/1Xqy
2021-03-09,Iron Man,2008,https://boxd.it/28dA
2021-03-09,The Incredible Hulk,2008,https://boxd.it/28dU
2021-03-09,Iron Man 2,2010,https://boxd.it/1WZM
2021-03-09,The Avengers,2012,https://boxd.it/1xFW
2021-03-09,Thor: The Dark World,2013,https://boxd.it/2DqA
2021-03-09,Guardians of the Galaxy,2014,https://boxd.it/3VH2
2021-03-09,Doctor Strange,2016,https://boxd.it/8MH8
2021-03-09,Spider-Man: Homecoming,2017,https://boxd.it/aboM
2021-03-09,Thor: Ragnarok,2017,https://boxd.it/8MHi
2021-03-09,Spider-Man: Far From Home,2019,https://boxd.it/fegG
2021-03-09,Batman,1989,https://boxd.it/2aIU
2021-03-09,Batman: Mask of the Phantasm,1993,https://boxd.it/1N6S
2021-03-09,Batman Beyond: Return of the Joker,2000,https://boxd.it/1KwS
2021-03-09,Teen Titans: Trouble in Tokyo,2006,https://boxd.it/1Kwo
2021-03-09,All Star Superman,2011,https://boxd.it/oJo
2021-03-09,Batman: Year One,2011,https://boxd.it/2vf0
2021-03-09,Green Lantern,2011,https://boxd.it/QN4
2021-03-09,"Batman: The Dark Knight Returns, Part 1",2012,https://boxd.it/43Is
2021-03-09,Superman vs. The Elite,2012,https://boxd.it/3w4k
2021-03-09,Justice League: Doom,2012,https://boxd.it/2DVe
2021-03-09,The Dark Knight Rises,2012,https://boxd.it/H3m
2021-03-09,"Batman: The Dark Knight Returns, Part 2",2013,https://boxd.it/4xzg
2021-03-09,Justice League: War,2014,https://boxd.it/6tFo
2021-03-09,Justice League: Throne of Atlantis,2015,https://boxd.it/9qWs
2021-03-09,The Lego Batman Movie,2017,https://boxd.it/azp0
2021-03-09,Wonder Woman,2017,https://boxd.it/9roG
2021-03-09,Birds of Prey (and the Fantabulous Emancipation of One Harley Quinn),2020,https://boxd.it/hSyO
2021-03-11,Trainspotting,1996,https://boxd.it/29XY
2021-03-11,Blue Jasmine,2013,https://boxd.it/50MI
2021-03-11,FRED: The Movie,2010,https://boxd.it/OAi
2021-03-12,Diary of a Wimpy Kid,2010,https://boxd.it/1fUa
2021-03-12,Diary of a Wimpy Kid: Rodrick Rules,2011,https://boxd.it/gm2
2021-03-12,Diary of a Wimpy Kid: Dog Days,2012,https://boxd.it/2TG0
2021-03-12,The Empire Strikes Back,1980,https://boxd.it/27Vw
2021-03-12,Star Wars,1977,https://boxd.it/72s
2021-03-12,Return of the Jedi,1983,https://boxd.it/27Vm
2021-03-12,Star Wars: Episode I – The Phantom Menace,1999,https://boxd.it/27Vc
2021-03-12,Star Wars: Episode II – Attack of the Clones,2002,https://boxd.it/27V2
2021-03-12,Rogue One: A Star Wars Story,2016,https://boxd.it/aPvy
2021-03-12,Star Wars: The Force Awakens,2015,https://boxd.it/4vru
2021-03-12,Star Wars: The Last Jedi,2017,https://boxd.it/5xme
2021-03-12,Star Wars: The Rise of Skywalker,2019,https://boxd.it/5xlK
2021-03-12,Palm Springs,2020,https://boxd.it/lCXQ
2021-03-13,Taxi Driver,1976,https://boxd.it/2b8y
2021-03-13,Reservoir Dogs,1992,https://boxd.it/2agc
2021-03-13,X-Men: First Class,2011,https://boxd.it/FOA
2021-03-14,The Art of Self-Defense,2019,https://boxd.it/hf5y
2021-03-15,Finding Dory,2016,https://boxd.it/4aAA
2021-03-15,The Nice Guys,2016,https://boxd.it/94Hg
2021-03-15,Deadpool,2016,https://boxd.it/9fOC
2021-03-15,Batman vs. Robin,2015,https://boxd.it/aqNs
2021-03-15,Rise of the Planet of the Apes,2011,https://boxd.it/cS4
2021-03-16,The Shining,1980,https://boxd.it/29Nu
2021-03-16,Gone Girl,2014,https://boxd.it/6hQu
2021-03-16,Us,2019,https://boxd.it/gnV6
2021-03-16,The Shape of Water,2017,https://boxd.it/dZ5m
2021-03-16,Alien,1979,https://boxd.it/2awY
2021-03-16,Finding Nemo,2003,https://boxd.it/72i
2021-03-16,Zootopia,2016,https://boxd.it/84xS
2021-03-16,Harry Potter and the Chamber of Secrets,2002,https://boxd.it/29QI
2021-03-16,V for Vendetta,2005,https://boxd.it/29Ik
2021-03-16,Skyfall,2012,https://boxd.it/17Fc
2021-03-16,Crazy Rich Asians,2018,https://boxd.it/gfnK
2021-03-16,Beauty and the Beast,2017,https://boxd.it/ar0c
2021-03-16,El Camino: A Breaking Bad Movie,2019,https://boxd.it/kv0q
2021-03-16,Spectre,2015,https://boxd.it/6bXY
2021-03-16,Super 8,2011,https://boxd.it/dVI
2021-03-16,Blindspotting,2018,https://boxd.it/hDMw
2021-03-16,The Other Guys,2010,https://boxd.it/1rtq
2021-03-16,Just Mercy,2019,https://boxd.it/iXj2
2021-03-16,Bill & Ted's Bogus Journey,1991,https://boxd.it/28oy
2021-03-16,Speed,1994,https://boxd.it/28qk
2021-03-16,The Adventures of Sharkboy and Lavagirl,2005,https://boxd.it/1Ozm
2021-03-16,Teen Titans Go! To the Movies,2018,https://boxd.it/h13o
2021-03-16,Ice Age,2002,https://boxd.it/2apS
2021-03-16,Ice Age: The Meltdown,2006,https://boxd.it/2wRk
2021-03-16,Ice Age: Dawn of the Dinosaurs,2009,https://boxd.it/20iC
2021-03-16,Se7en,1995,https://boxd.it/29zs
2021-03-16,Harry Potter and the Philosopher's Stone,2001,https://boxd.it/29QS
2021-03-16,Harry Potter and the Deathly Hallows: Part 2,2011,https://boxd.it/1RYk
2021-03-16,Fantastic Beasts and Where to Find Them,2016,https://boxd.it/7FPC
2021-03-16,Fantastic Beasts: The Crimes of Grindelwald,2018,https://boxd.it/bg8G
2021-03-16,Taken,2008,https://boxd.it/1ZXa
2021-03-16,The Predator,2018,https://boxd.it/bDw2
2021-03-16,Jason Bourne,2016,https://boxd.it/ayYy
2021-03-16,The Equalizer,2014,https://boxd.it/4TUK
2021-03-16,The Equalizer 2,2018,https://boxd.it/bAEW
2021-03-16,Phone Booth,2002,https://boxd.it/285G
2021-03-16,Taken 3,2014,https://boxd.it/7Iqq
2021-03-16,Happy New Year,2014,https://boxd.it/8sf4
2021-03-16,The Social Network,2010,https://boxd.it/17ue
2021-03-16,Forrest Gump,1994,https://boxd.it/728
2021-03-16,A Quiet Place,2018,https://boxd.it/fVJQ
2021-03-16,Captain Marvel,2019,https://boxd.it/9vSA
2021-03-16,Suicide Squad,2016,https://boxd.it/9row
2021-03-16,Ready Player One,2018,https://boxd.it/aZes
2021-03-16,Jurassic World,2015,https://boxd.it/4n0g
2021-03-16,The Sixth Sense,1999,https://boxd.it/29Js
2021-03-16,Ocean's Eleven,2001,https://boxd.it/2aZm
2021-03-16,Ready or Not,2019,https://boxd.it/kOf0
2021-03-16,The Usual Suspects,1995,https://boxd.it/29XE
2021-03-16,Edge of Tomorrow,2014,https://boxd.it/4pD0
2021-03-16,The Edge of Seventeen,2016,https://boxd.it/d5nu
2021-03-16,Men in Black,1997,https://boxd.it/2a0I
2021-03-16,This Is the End,2013,https://boxd.it/3GB4
2021-03-17,"I, Frankenstein",2014,https://boxd.it/3r40
2021-03-17,The Stanford Prison Experiment,2015,https://boxd.it/9QQK
2021-03-18,Hereditary,2018,https://boxd.it/hNVe
2021-03-18,Coco,2017,https://boxd.it/bYJQ
2021-03-18,(500) Days of Summer,2009,https://boxd.it/1EmM
2021-03-18,Tangled,2010,https://boxd.it/15gO
2021-03-18,The Conjuring,2013,https://boxd.it/4sr2
2021-03-18,"Love, Simon",2018,https://boxd.it/g02s
2021-03-18,How to Train Your Dragon,2010,https://boxd.it/1WRy
2021-03-18,The Babadook,2014,https://boxd.it/77xu
2021-03-18,Seven Samurai,1954,https://boxd.it/2axi
2021-03-18,Green Room,2015,https://boxd.it/a75m
2021-03-18,Kingsman: The Golden Circle,2017,https://boxd.it/buJm
2021-03-18,Mission: Impossible – Rogue Nation,2015,https://boxd.it/5rI4
2021-03-18,Mission: Impossible – Ghost Protocol,2011,https://boxd.it/psI
2021-03-18,Molly's Game,2017,https://boxd.it/dSl8
2021-03-18,Star Trek Into Darkness,2013,https://boxd.it/uYE
2021-03-18,The Polar Express,2004,https://boxd.it/23am
2021-03-18,Hush,2016,https://boxd.it/d5ys
2021-03-18,X-Men Origins: Wolverine,2009,https://boxd.it/27ug
2021-03-18,Bumblebee,2018,https://boxd.it/f21O
2021-03-18,Neighbors,2014,https://boxd.it/5Txe
2021-03-18,Point Break,1991,https://boxd.it/2958
2021-03-18,The Double,2013,https://boxd.it/4DLW
2021-03-18,Under the Silver Lake,2018,https://boxd.it/dSAs
2021-03-18,GoldenEye,1995,https://boxd.it/29KU
2021-03-18,Licence to Kill,1989,https://boxd.it/29L4
2021-03-19,Zack Snyder's Justice League,2021,https://boxd.it/tLOk
2021-03-19,I Care a Lot,2020,https://boxd.it/mcHk
2021-03-22,The Wolf of Wall Street,2013,https://boxd.it/3C1m
2021-03-24,Back to the Future,1985,https://boxd.it/2b8e
2021-04-01,Godzilla vs. Kong,2021,https://boxd.it/e0qK
2021-04-01,The Fast and the Furious,2001,https://boxd.it/1XMu
2021-04-02,2 Fast 2 Furious,2003,https://boxd.it/2a4g
2021-04-03,Fast & Furious,2009,https://boxd.it/1Pnm
2021-04-04,Hotel Rwanda,2004,https://boxd.it/2aSA
2021-04-04,Fast Five,2011,https://boxd.it/BgO
2021-04-05,Fast & Furious 6,2013,https://boxd.it/2UG6
2021-04-05,Tooth Fairy,2010,https://boxd.it/1zKE
2021-04-05,The Game Plan,2007,https://boxd.it/1PDY
2021-04-05,Planet 51,2009,https://boxd.it/1JA0
2021-04-05,Race to Witch Mountain,2009,https://boxd.it/1PiQ
2021-04-05,Ice Age: Continental Drift,2012,https://boxd.it/lQ2
2021-04-05,The Incredibles,2004,https://boxd.it/1XLm
2021-04-05,Turbo,2013,https://boxd.it/2Hzw
2021-04-05,The Croods,2013,https://boxd.it/FRE
2021-04-05,Deadpool 2,2018,https://boxd.it/dlLM
2021-04-05,Woman in Gold,2015,https://boxd.it/9HN8
2021-04-06,Better Luck Tomorrow,2002,https://boxd.it/1On6
2021-04-06,Murder on the Orient Express,2017,https://boxd.it/dHjA
2021-04-06,John Carter,2012,https://boxd.it/FQ2
2021-04-06,Non-Stop,2014,https://boxd.it/6FtO
2021-04-06,The Hunger Games: Mockingjay – Part 1,2014,https://boxd.it/4hka
2021-04-06,The Hunger Games: Catching Fire,2013,https://boxd.it/3sAw
2021-04-06,The Hunger Games,2012,https://boxd.it/2uds
2021-04-06,Joy,2015,https://boxd.it/8kEU
2021-04-06,The Big Lebowski,1998,https://boxd.it/2b6C
2021-04-06,Project Power,2020,https://boxd.it/ml8S
2021-04-06,Sing,2016,https://boxd.it/b5EQ
2021-04-06,Alice in Wonderland,2010,https://boxd.it/1Spq
2021-04-06,Transformers,2007,https://boxd.it/280c
2021-04-06,Transformers: Dark of the Moon,2011,https://boxd.it/16aC
2021-04-06,Central Intelligence,2016,https://boxd.it/9DFE
2021-04-06,Ride Along,2014,https://boxd.it/5dqA
2021-04-06,Despicable Me 2,2013,https://boxd.it/3gg0
2021-04-06,Training Day,2001,https://boxd.it/27A4
2021-04-07,The Fast and the Furious: Tokyo Drift,2006,https://boxd.it/1Yeo
2021-04-07,Toy Story,1995,https://boxd.it/29qA
2021-04-07,Inglourious Basterds,2009,https://boxd.it/1JzG
2021-04-07,Toy Story 3,2010,https://boxd.it/1WRe
2021-04-07,The Irishman,2019,https://boxd.it/dYOq
2021-04-07,Moana,2016,https://boxd.it/8tfY
2021-04-07,The Evil Dead,1981,https://boxd.it/29Go
2021-04-07,The Cabin in the Woods,2011,https://boxd.it/1zOc
2021-04-07,Jumanji,1995,https://boxd.it/1ZLI
2021-04-07,Rise of the Guardians,2012,https://boxd.it/2PXw
2021-04-07,Rudy,1993,https://boxd.it/1NUe
2021-04-07,Frozen,2013,https://boxd.it/3GNa
2021-04-07,Despicable Me,2010,https://boxd.it/1DD8
2021-04-07,Kung Fu Panda 2,2011,https://boxd.it/G36
2021-04-08,Furious 7,2015,https://boxd.it/5cVs
2021-04-08,The Amazing Spider-Man 2,2014,https://boxd.it/3utM
2021-04-08,Good Will Hunting,1997,https://boxd.it/2ahY
2021-04-08,Daredevil,2003,https://boxd.it/1YzG
2021-04-08,Men in Black II,2002,https://boxd.it/2a0y
2021-04-08,Monster House,2006,https://boxd.it/1Z2e
2021-04-08,Transformers: Age of Extinction,2014,https://boxd.it/3d1m
2021-04-08,Die Hard With a Vengeance,1995,https://boxd.it/28zG
2021-04-08,Big Hero 6,2014,https://boxd.it/5rje
2021-04-08,Monsters University,2013,https://boxd.it/bQm
2021-04-08,Bolt,2008,https://boxd.it/1QXg
2021-04-08,The Lion King,1994,https://boxd.it/201Q
2021-04-08,The Lion King,2019,https://boxd.it/eSjI
2021-04-08,Madagascar,2005,https://boxd.it/29dc
2021-04-08,Madagascar 3: Europe's Most Wanted,2012,https://boxd.it/2NF6
2021-04-08,Shark Tale,2004,https://boxd.it/1VYe
2021-04-08,The Road to El Dorado,2000,https://boxd.it/1W6s
2021-04-11,The Fate of the Furious,2017,https://boxd.it/bbCw
2021-04-11,No Country for Old Men,2007,https://boxd.it/21ew
2021-04-12,Constantine: City of Demons,2018,https://boxd.it/jFlc
2021-04-12,Between Two Ferns: The Movie,2019,https://boxd.it/lw9g
2021-04-12,Searching,2018,https://boxd.it/hDPg
2021-04-12,The Book of Life,2014,https://boxd.it/6JKY
2021-04-12,Wreck-It Ralph,2012,https://boxd.it/2TTS
2021-04-12,Hotel Transylvania,2012,https://boxd.it/2DF6
2021-04-12,Ratatouille,2007,https://boxd.it/27ww
2021-04-12,Fast & Furious Presents: Hobbs & Shaw,2019,https://boxd.it/dnDA
2021-04-17,Nobody,2021,https://boxd.it/mLqS
2021-04-28,Booksmart,2019,https://boxd.it/igNS
2021-05-03,Punch-Drunk Love,2002,https://boxd.it/20E4
2021-05-09,We Need to Talk About Kevin,2011,https://boxd.it/2pTS
2021-05-12,Creed II,2018,https://boxd.it/hgl8
2021-05-12,The Big Short,2015,https://boxd.it/ajZw
2021-05-12,Pet Sematary,2019,https://boxd.it/4W0q
2021-05-13,October Sky,1999,https://boxd.it/1Q7u
2021-05-13,Gifted,2017,https://boxd.it/e5dG
2021-05-22,Army of the Dead,2021,https://boxd.it/ic7S
2021-05-24,Glass,2019,https://boxd.it/g3uO
2021-05-24,G.I. Joe: Retaliation,2013,https://boxd.it/2o6A
2021-05-24,Rio,2011,https://boxd.it/NKc
2021-06-07,Cars,2006,https://boxd.it/29ho
2021-06-07,Cars 2,2011,https://boxd.it/H4Y
2021-06-25,F9,2021,https://boxd.it/dqsU
2021-07-03,Unsane,2018,https://boxd.it/gKrS
2021-07-05,No Sudden Move,2021,https://boxd.it/o7WS
2021-07-08,The Lord of the Rings: The Fellowship of the Ring,2001,https://boxd.it/2b5O
2021-07-08,The Matrix Reloaded,2003,https://boxd.it/2a1c
2021-07-11,Black Widow,2021,https://boxd.it/hWV8
2021-07-11,Guardians of the Galaxy Vol. 2,2017,https://boxd.it/8MxC
2021-07-11,Iron Man 3,2013,https://boxd.it/2cBQ
2021-07-13,What We Do in the Shadows,2014,https://boxd.it/7eQy
2021-07-14,The Lord of the Rings: The Two Towers,2002,https://boxd.it/2b5E
2021-07-16,The Lord of the Rings: The Return of the King,2003,https://boxd.it/2b5u
2021-07-17,22 Jump Street,2014,https://boxd.it/5Fvy
2021-07-19,Space Jam: A New Legacy,2021,https://boxd.it/dd9A
2021-07-21,"Crazy, Stupid, Love.",2011,https://boxd.it/D9A
2021-08-06,The Suicide Squad,2021,https://boxd.it/fw6O
2021-08-22,Million Dollar Arm,2014,https://boxd.it/5Y34
2021-09-05,Shang-Chi and the Legend of the Ten Rings,2021,https://boxd.it/kLDI
2021-09-12,FRED 3: Camp Fred,2012,https://boxd.it/4cHI
2021-09-12,World War Z,2013,https://boxd.it/2p2E
2021-09-26,Free Guy,2021,https://boxd.it/k8dm
2021-09-26,Malignant,2021,https://boxd.it/mViE
2021-09-27,30 Minutes or Less,2011,https://boxd.it/bRa
2021-09-27,Son of Batman,2014,https://boxd.it/7mQm
2021-09-27,Justice League Dark,2017,https://boxd.it/en7G
2021-09-27,Batman: Bad Blood,2016,https://boxd.it/cI0W
2021-10-02,Quantum of Solace,2008,https://boxd.it/1Vs8
2021-10-03,Locke,2013,https://boxd.it/6hHC
2021-10-04,Venom: Let There Be Carnage,2021,https://boxd.it/llco
2021-10-09,No Time to Die,2021,https://boxd.it/cPX2
2021-10-11,Neighbors 2: Sorority Rising,2016,https://boxd.it/aA80
2021-10-11,Scream,1996,https://boxd.it/24EC
2021-10-11,Halloween,1978,https://boxd.it/2wRu
2021-10-16,Halloween Kills,2021,https://boxd.it/mxzG
2021-10-23,Dune,2021,https://boxd.it/fA7G
2021-11-01,Enemy,2013,https://boxd.it/5xtO
2021-11-05,Last Night in Soho,2021,https://boxd.it/lbJC
2021-11-07,Eternals,2021,https://boxd.it/j36o
2021-11-11,The Matrix Revolutions,2003,https://boxd.it/2a12
2021-11-13,Star Wars: The Clone Wars,2008,https://boxd.it/1Sly
2021-11-13,Oz the Great and Powerful,2013,https://boxd.it/2cAI
2021-11-13,Aliens in the Attic,2009,https://boxd.it/1COY
2021-11-14,Gladiator,2000,https://boxd.it/2b9m
2021-11-28,Dangal,2016,https://boxd.it/chfU
2021-12-18,Spider-Man: No Way Home,2021,https://boxd.it/nwRw
2021-12-23,TRON: Legacy,2010,https://boxd.it/1Dlo
2021-12-25,The Matrix Resurrections,2021,https://boxd.it/n87k
2021-12-27,"Batman: The Long Halloween, Part One",2021,https://boxd.it/rCIe
2021-12-27,"Batman: The Long Halloween, Part Two",2021,https://boxd.it/rCI4
2021-12-27,Bajrangi Bhaijaan,2015,https://boxd.it/bIbo
2021-12-27,Ek Tha Tiger,2012,https://boxd.it/32Xk
2021-12-27,Om Shanti Om,2007,https://boxd.it/20zy
2021-12-28,Bad Education,2019,https://boxd.it/jiME
2021-12-28,Superman: Man of Tomorrow,2020,https://boxd.it/mSaC
2021-12-28,The Kissing Booth 2,2020,https://boxd.it/lrky
2021-12-28,The Invisible Man,2020,https://boxd.it/kWlA
2021-12-28,Batman: Hush,2019,https://boxd.it/jyDI
2021-12-28,10 Cloverfield Lane,2016,https://boxd.it/aZiu
2021-12-28,The Harder They Fall,2021,https://boxd.it/mRCU
2021-12-28,Bad Times at the El Royale,2018,https://boxd.it/fSA2
2021-12-28,The Conjuring 2,2016,https://boxd.it/7GJg
2021-12-28,Hacksaw Ridge,2016,https://boxd.it/azew
2021-12-28,Batman: The Killing Joke,2016,https://boxd.it/djxe
2021-12-28,Minions,2015,https://boxd.it/6jCO
2021-12-29,"tick, tick... BOOM!",2021,https://boxd.it/jz2e
2021-12-29,"McFarland, USA",2015,https://boxd.it/6JCq
2021-12-29,Scooby-Doo,2002,https://boxd.it/1YaQ
2021-12-29,Fantastic Mr. Fox,2009,https://boxd.it/1WyQ
2021-12-29,War Dogs,2016,https://boxd.it/9SlO
2021-12-29,Night at the Museum: Battle of the Smithsonian,2009,https://boxd.it/1H7U
2021-12-29,Percy Jackson: Sea of Monsters,2013,https://boxd.it/2D8m
2021-12-30,Wrath of Man,2021,https://boxd.it/nEia
2022-01-01,Pig,2021,https://boxd.it/nzoW
2022-01-07,There Will Be Blood,2007,https://boxd.it/20Z2
2022-01-07,Pain & Gain,2013,https://boxd.it/4lp4
2022-01-08,Keanu,2016,https://boxd.it/brha
2022-01-08,River's Edge,1986,https://boxd.it/1C7q
2022-01-09,Clueless,1995,https://boxd.it/1Ygk
2022-01-09,Blade,1998,https://boxd.it/1a8A
2022-01-09,The Guilty,2021,https://boxd.it/kOPW
2022-01-10,The Crow,1994,https://boxd.it/1Yxq
2022-01-11,Red Dragon,2002,https://boxd.it/1Yrs
2022-01-12,Kill the Messenger,2014,https://boxd.it/7dFO
2022-01-13,American Ultra,2015,https://boxd.it/7KXc
2022-01-13,Red Notice,2021,https://boxd.it/ixtq
2022-01-13,The Wizard of Oz,1939,https://boxd.it/29Xu
2022-01-14,Scream 2,1997,https://boxd.it/24Es
2022-01-15,I Am Legend,2007,https://boxd.it/21DG
2022-01-15,Scream 3,2000,https://boxd.it/24Ei
2022-01-16,Scream 4,2011,https://boxd.it/Zmc
2022-01-17,Scream,2022,https://boxd.it/o0lg
2022-01-17,The Hitman's Bodyguard,2017,https://boxd.it/dCmO
2022-01-19,The Gentlemen,2019,https://boxd.it/iYBQ
2022-01-25,Argo,2012,https://boxd.it/2czU
2022-01-29,Weird Science,1985,https://boxd.it/1T1O
2022-02-02,Free Fire,2016,https://boxd.it/b2Ig
2022-02-03,The Karate Kid,2010,https://boxd.it/15HA
2022-02-04,Metropolis,1927,https://boxd.it/71a
2022-02-04,Blade Runner,1982,https://boxd.it/2bcA
2022-02-06,Percy Jackson & the Olympians: The Lightning Thief,2010,https://boxd.it/1gJi
2022-02-07,The Breakfast Club,1985,https://boxd.it/27q4
2022-03-02,The Batman,2022,https://boxd.it/eDGs
2022-03-06,Batman & Robin,1997,https://boxd.it/2ar0
2022-03-07,Much Ado About Nothing,1993,https://boxd.it/1SDM
2022-03-10,Donnie Darko,2001,https://boxd.it/2b2A
2022-03-13,The Adam Project,2022,https://boxd.it/q2Dg
2022-03-13,Bad Words,2013,https://boxd.it/6g1A
2022-03-14,American Made,2017,https://boxd.it/bb66
2022-03-14,The Gift,2015,https://boxd.it/aJMy
2022-03-15,Shattered Glass,2003,https://boxd.it/1PXa
2022-03-15,Reality Bites,1994,https://boxd.it/26iI
2022-03-15,The Hangover Part II,2011,https://boxd.it/PZI
2022-03-16,Top Gun,1986,https://boxd.it/29JC
2022-03-16,Good Boys,2019,https://boxd.it/iW1G
2022-03-17,Don't Look Up,2021,https://boxd.it/o0Hc
2022-03-17,Back to the Future Part II,1989,https://boxd.it/2aYI
2022-03-17,Opposite Day,2009,https://boxd.it/rms
2022-03-17,ParaNorman,2012,https://boxd.it/2FuY
2022-03-17,Phineas and Ferb: The Movie: Across the 2nd Dimension,2011,https://boxd.it/2ql8
2022-03-17,Fred 2: Night of the Living Fred,2011,https://boxd.it/2YLE
2022-03-17,Sin City,2005,https://boxd.it/2aVk
2022-03-18,Fright Night,2011,https://boxd.it/l1S
2022-03-18,Fist Fight,2017,https://boxd.it/bAIO
2022-03-18,Imperium,2016,https://boxd.it/d0N8
2022-03-19,Death on the Nile,2022,https://boxd.it/ifpg
2022-03-19,Candyman,2021,https://boxd.it/kHFg
2022-03-20,Swindle,2013,https://boxd.it/6rNU
2022-03-20,Jinxed,2013,https://boxd.it/7eEi
2022-03-21,The World's End,2013,https://boxd.it/3EiO
2022-03-21,Shaun of the Dead,2004,https://boxd.it/29J8
2022-03-25,Harry Potter and the Goblet of Fire,2005,https://boxd.it/29Qo
2022-03-25,Harry Potter and the Order of the Phoenix,2007,https://boxd.it/29Qe
2022-03-25,Harry Potter and the Deathly Hallows: Part 1,2010,https://boxd.it/1RYu
2022-03-25,Harry Potter and the Half-Blood Prince,2009,https://boxd.it/29FU
2022-03-25,Shrek the Third,2007,https://boxd.it/29yY
2022-03-25,Alvin and the Chipmunks: The Squeakquel,2009,https://boxd.it/1zgk
2022-03-25,Alvin and the Chipmunks,2007,https://boxd.it/21E0
2022-03-25,Live Free or Die Hard,2007,https://boxd.it/28zQ
2022-03-25,Die Hard 2,1990,https://boxd.it/28zw
2022-03-25,The Crucible,1996,https://boxd.it/1Dji
2022-03-25,The Hobbit: An Unexpected Journey,2012,https://boxd.it/GZk
2022-03-25,The Hobbit: The Battle of the Five Armies,2014,https://boxd.it/43aU
2022-03-25,The Hobbit: The Desolation of Smaug,2013,https://boxd.it/nmS
2022-03-26,Would You Rather,2012,https://boxd.it/3m0W
2022-03-26,Apollo 13,1995,https://boxd.it/2a6G
2022-03-27,A Time to Kill,1996,https://boxd.it/28pc
2022-03-28,Licorice Pizza,2021,https://boxd.it/qTKY
2022-03-29,Ra.One,2011,https://boxd.it/ZbS
2022-04-01,Bee Movie,2007,https://boxd.it/22Vw
2022-04-02,The Hunger Games: Mockingjay – Part 2,2015,https://boxd.it/4hk0
2022-04-02,Everything Everywhere All at Once,2022,https://boxd.it/jUk4
2022-04-02,Rush Hour,1998,https://boxd.it/27pU
2022-04-02,The Spy Next Door,2010,https://boxd.it/1zyo
2022-04-03,Muhammad: The Last Prophet,2002,https://boxd.it/OqM
2022-04-03,Swiss Army Man,2016,https://boxd.it/bDG2
2022-04-05,Ultimate Avengers 2,2006,https://boxd.it/1NJU
2022-04-05,Ultimate Avengers: The Movie,2006,https://boxd.it/1NK4
2022-04-05,The Suite Life Movie,2011,https://boxd.it/f92
2022-04-06,American Psycho,2000,https://boxd.it/28Vs
2022-04-06,Jack Reacher,2012,https://boxd.it/2BUo
2022-04-06,G-Force,2009,https://boxd.it/1ETc
2022-04-07,When Harry Met Sally...,1989,https://boxd.it/29W2
2022-04-07,"Monsters, Inc.",2001,https://boxd.it/2a46
2022-04-08,Matchstick Men,2003,https://boxd.it/215a
2022-04-08,The Sandlot,1993,https://boxd.it/1TDy
2022-04-09,The Imitation Game,2014,https://boxd.it/6aig
2022-04-09,Four Lions,2010,https://boxd.it/18do
2022-04-10,Doctor Who,1996,https://boxd.it/1LJ4
2022-04-13,Fresh,2022,https://boxd.it/tCNi
2022-04-14,Walk Hard: The Dewey Cox Story,2007,https://boxd.it/21wK
2022-04-15,Miss Peregrine's Home for Peculiar Children,2016,https://boxd.it/8KPu
2022-04-15,The Unbearable Weight of Massive Talent,2022,https://boxd.it/o6eK
2022-04-16,Shakespeare in Love,1998,https://boxd.it/27Pe
2022-04-16,The Secret Life of Walter Mitty,2013,https://boxd.it/3SWy
2022-04-17,Bringing Out the Dead,1999,https://boxd.it/1ZZK
2022-04-17,The Departed,2006,https://boxd.it/28MA
2022-04-20,Mission: Impossible,1996,https://boxd.it/29d2
2022-04-24,Ambulance,2022,https://boxd.it/sFxg
2022-04-24,Paul Blart: Mall Cop,2009,https://boxd.it/1NQw
2022-04-27,The Northman,2022,https://boxd.it/nK2s
2022-04-29,Everyone's Hero,2006,https://boxd.it/1MBU
2022-04-29,GoodFellas,1990,https://boxd.it/29FA
2022-05-04,The Town,2010,https://boxd.it/1zyS
2022-05-06,Avatar,2009,https://boxd.it/1Efm
2022-05-07,Firebreather,2010,https://boxd.it/DTo
2022-05-07,Inkheart,2008,https://boxd.it/26XG
2022-05-07,Doctor Strange in the Multiverse of Madness,2022,https://boxd.it/gaTc
2022-05-15,Under the Same Moon,2007,https://boxd.it/1gUA
2022-05-19,The Bad Guys,2022,https://boxd.it/nkg4
2022-05-21,RRR,2022,https://boxd.it/ljDs
2022-05-21,Chip 'n Dale: Rescue Rangers,2022,https://boxd.it/eSk2
2022-05-22,Sonic the Hedgehog 2,2022,https://boxd.it/pb8O
2022-05-23,Wanted,2008,https://boxd.it/1ZBS
2022-05-25,Puss in Boots,2011,https://boxd.it/eL34
2022-05-26,The Lost City,2022,https://boxd.it/sg0Q
2022-05-27,Devil,2010,https://boxd.it/SX6
2022-05-27,Jackass Forever,2022,https://boxd.it/opUg
2022-05-28,Top Gun: Maverick,2022,https://boxd.it/cjr4
2022-05-28,Kimi,2022,https://boxd.it/u7LW
2022-05-30,Uncharted,2022,https://boxd.it/b5Dy
2022-06-02,X,2022,https://boxd.it/sxVa
2022-06-05,Kuch Kuch Hota Hai,1998,https://boxd.it/1SVG
2022-06-05,Don,2006,https://boxd.it/1IAI
2022-06-05,Don 2,2011,https://boxd.it/10am
2022-06-05,The Hustler,1961,https://boxd.it/298G
2022-06-06,Shrek Forever After,2010,https://boxd.it/1WRo
2022-06-06,Jurassic World: Fallen Kingdom,2018,https://boxd.it/bOnU
2022-06-07,The Color of Money,1986,https://boxd.it/1SSM
2022-06-13,Dual,2022,https://boxd.it/q5ye
2022-06-14,Easy A,2010,https://boxd.it/17DK
2022-06-15,Jurassic World Dominion,2022,https://boxd.it/ikXW
2022-06-22,Braveheart,1995,https://boxd.it/2aTI
2022-07-04,One Flew Over the Cuckoo's Nest,1975,https://boxd.it/2aeA
2022-07-05,Sultan,2016,https://boxd.it/d65G
2022-07-05,Ford v Ferrari,2019,https://boxd.it/ce74
2022-07-06,Little Miss Sunshine,2006,https://boxd.it/29EW
2022-07-07,Juno,2007,https://boxd.it/210a
2022-07-11,Thor: Love and Thunder,2022,https://boxd.it/mMAY
2022-07-12,Eega,2012,https://boxd.it/4HhQ
2022-07-13,Django Unchained,2012,https://boxd.it/2cCk
2022-07-15,Ghost Dog: The Way of the Samurai,1999,https://boxd.it/23Ne
2022-07-16,The Last Samurai,2003,https://boxd.it/29ZA
2022-07-16,Yojimbo,1961,https://boxd.it/1SRY
2022-07-16,Tickled,2016,https://boxd.it/cWEG
2022-07-17,The Raid 2,2014,https://boxd.it/5uz0
2022-07-17,Magic Mike,2012,https://boxd.it/2HvY
2022-07-17,Rashomon,1950,https://boxd.it/2a9K
2022-07-19,Throne of Blood,1957,https://boxd.it/251w
2022-07-19,The Black Phone,2021,https://boxd.it/sqFE
2022-07-20,Insidious: Chapter 2,2013,https://boxd.it/3dqc
2022-07-20,Samurai I: Musashi Miyamoto,1954,https://boxd.it/1jfg
2022-07-21,Hard Boiled,1992,https://boxd.it/1T6a
2022-07-22,Oldboy,2003,https://boxd.it/29R2
2022-07-23,All About Nina,2018,https://boxd.it/hnQC
2022-07-24,Enter the Dragon,1973,https://boxd.it/1YCA
2022-07-25,Eddie the Eagle,2015,https://boxd.it/amAY
2022-07-27,Samurai II: Duel at Ichijoji Temple,1955,https://boxd.it/1jf6
2022-07-28,X-Men: The Last Stand,2006,https://boxd.it/1a5Q
2022-08-02,Brigsby Bear,2017,https://boxd.it/ebkS
2022-08-03,Bright,2017,https://boxd.it/e1H8
2022-08-03,Minions: The Rise of Gru,2022,https://boxd.it/fz9w
2022-08-03,G.I. Joe: The Rise of Cobra,2009,https://boxd.it/1Ndu
2022-08-03,The 5th Wave,2016,https://boxd.it/9wbi
2022-08-03,Spy Kids 3-D: Game Over,2003,https://boxd.it/1S7w
2022-08-03,Spy Kids 2: The Island of Lost Dreams,2002,https://boxd.it/1Yyo
2022-08-03,Spy Kids: All the Time in the World,2011,https://boxd.it/ptm
2022-08-03,Spy Kids,2001,https://boxd.it/1Xcw
2022-08-03,Smosh: The Movie,2015,https://boxd.it/9ZQ0
2022-08-04,This Is Spinal Tap,1984,https://boxd.it/1UOs
2022-08-05,Black Dynamite,2009,https://boxd.it/1wX6
2022-08-05,Honor Society,2022,https://boxd.it/z1Bw
2022-08-05,Office Space,1999,https://boxd.it/28Em
2022-08-06,Prey,2022,https://boxd.it/sNBU
2022-08-07,Bedtime Stories,2008,https://boxd.it/1WPM
2022-08-08,Chungking Express,1994,https://boxd.it/1UDa
2022-08-08,The Bob's Burgers Movie,2022,https://boxd.it/if7w
2022-08-09,Bullet Train,2022,https://boxd.it/qW26
2022-08-11,Ring,1998,https://boxd.it/26tw
2022-08-12,The Godfather,1972,https://boxd.it/2aNK
2022-08-13,Evil Dead II,1987,https://boxd.it/29Ge
2022-08-15,The Blair Witch Project,1999,https://boxd.it/26ua
2022-08-15,Fan,2016,https://boxd.it/d8xC
2022-08-16,Not Okay,2022,https://boxd.it/vCEY
2022-08-17,Nope,2022,https://boxd.it/sDCe
2022-08-17,Perfect Blue,1997,https://boxd.it/1W7A
2022-08-18,The Lazarus Effect,2015,https://boxd.it/7anW
2022-08-18,A Nightmare on Elm Street,1984,https://boxd.it/2aw0
2022-08-19,Chinatown,1974,https://boxd.it/29vU
2022-08-20,The Mighty,1998,https://boxd.it/1XJg
2022-08-22,Kung Fu Panda 3,2016,https://boxd.it/4uRQ
2022-08-23,Super Size Me,2004,https://boxd.it/1YQC
2022-08-24,Annabelle: Creation,2017,https://boxd.it/dSxe
2022-08-24,Manhunter,1986,https://boxd.it/1TOw
2022-08-24,Planet of the Apes,1968,https://boxd.it/29p8
2022-08-25,Vengeance,2022,https://boxd.it/pu7U
2022-08-26,Videodrome,1983,https://boxd.it/29uC
2022-08-26,Midsommar,2019,https://boxd.it/jhxe
2022-08-27,Whiplash,2014,https://boxd.it/7bQA
2022-08-27,Black Swan,2010,https://boxd.it/Sw0
2022-08-28,Psycho,1960,https://boxd.it/2ab2
2022-09-03,Jaws,1975,https://boxd.it/2a5e
2022-09-08,Bullet in the Head,1990,https://boxd.it/1SNs
2022-09-09,Pinocchio,1940,https://boxd.it/1V8C
2022-09-09,House,1977,https://boxd.it/1vsm
2022-09-17,Constantine,2005,https://boxd.it/2a7E
2022-09-29,The Killer,1989,https://boxd.it/1Vha
2022-10-18,Infernal Affairs,2002,https://boxd.it/1Vqw
2022-10-22,A Better Tomorrow,1986,https://boxd.it/1TLW
2022-10-24,About Time,2013,https://boxd.it/43bI
2022-10-30,Barbarian,2022,https://boxd.it/yohi
2022-10-31,My Heart Is That Eternal Rose,1989,https://boxd.it/2HHA
2022-11-06,The Banshees of Inisherin,2022,https://boxd.it/p7XS
2022-11-06,The Living Daylights,1987,https://boxd.it/29Le
2022-11-10,True Romance,1993,https://boxd.it/2aBa
2022-11-11,Police Story,1985,https://boxd.it/1Zhe
2022-11-11,Rush Hour 2,2001,https://boxd.it/23ga
2022-11-12,Rumble in the Bronx,1995,https://boxd.it/1fi6
2022-11-12,The Boy in the Striped Pyjamas,2008,https://boxd.it/1NOK
2022-11-14,Black Adam,2022,https://boxd.it/fup0
2022-11-16,Infernal Affairs II,2003,https://boxd.it/1Tla
2022-11-19,Kill Bill: Vol. 1,2003,https://boxd.it/70w
2022-11-19,Kill Bill: Vol. 2,2004,https://boxd.it/2au4
2022-11-22,Sinbad: Legend of the Seven Seas,2003,https://boxd.it/1Oa2
2022-11-23,Decision to Leave,2022,https://boxd.it/qp9e
2022-11-23,Killer Bean Forever,2008,https://boxd.it/1xtG
2022-11-24,Memories of Murder,2003,https://boxd.it/1TSo
2022-11-24,Glass Onion,2022,https://boxd.it/oCkK
2022-11-26,Black Panther: Wakanda Forever,2022,https://boxd.it/igPu
2022-12-20,Shrek 2,2004,https://boxd.it/29z8
2022-12-21,Avatar: The Way of Water,2022,https://boxd.it/2E2E
2022-12-22,La La Land,2016,https://boxd.it/a5fa
2022-12-23,Let the Right One In,2008,https://boxd.it/1Qr0
2022-12-24,Infernal Affairs III,2003,https://boxd.it/1Okw
2022-12-25,The Darjeeling Limited,2007,https://boxd.it/24as
2022-12-26,Love Actually,2003,https://boxd.it/2aeU
2022-12-28,Election,2005,https://boxd.it/2lDm
2022-12-29,Le Samouraï,1967,https://boxd.it/22ZI
2022-12-29,Ben 10: Race Against Time,2007,https://boxd.it/1L38
2022-12-29,Lady Snowblood,1973,https://boxd.it/26Fi
2022-12-30,Tarzan,1999,https://boxd.it/18YO
2022-12-30,Drunken Master,1978,https://boxd.it/1Ujk
2022-12-31,High Noon,1952,https://boxd.it/2aGa
2022-12-31,Kung Fu Hustle,2004,https://boxd.it/1YBi
2022-12-31,Hoodwinked!,2005,https://boxd.it/1UVS
2022-12-31,Scooby-Doo on Zombie Island,1998,https://boxd.it/1QIg
2022-12-31,Scooby-Doo 2: Monsters Unleashed,2004,https://boxd.it/1UPA
2022-12-31,Scooby-Doo! The Mystery Begins,2009,https://boxd.it/1Ai2
2022-12-31,Starstruck,2010,https://boxd.it/1cjq
2022-12-31,Alvin and the Chipmunks Meet Frankenstein,1999,https://boxd.it/25G0
2022-12-31,Alvin and the Chipmunks Meet the Wolfman,2000,https://boxd.it/IVY
2022-12-31,Ben 10 Alien Swarm,2009,https://boxd.it/1vpC
2022-12-31,"Chill Out, Scooby-Doo!",2007,https://boxd.it/1Qmk
2022-12-31,Eragon,2006,https://boxd.it/26Fs
2022-12-31,Mostly Ghostly,2008,https://boxd.it/jR8
2022-12-31,Napoleon Dynamite,2004,https://boxd.it/20wu
2022-12-31,Pinocchio 3000,2003,https://boxd.it/1zHU
2022-12-31,Scooby-Doo! and the Cyber Chase,2001,https://boxd.it/1LTy
2022-12-31,Scooby-Doo! Curse of the Lake Monster,2010,https://boxd.it/KuA
2022-12-31,Scooby-Doo! Pirates Ahoy!,2006,https://boxd.it/1Qma
2022-12-31,Tom and Jerry: The Fast and the Furry,2005,https://boxd.it/Xns
2022-12-31,Lemonade Mouth,2011,https://boxd.it/4bG
2022-12-31,Halloweentown,1998,https://boxd.it/1qPq
2023-01-01,Eyes Without a Face,1960,https://boxd.it/1j9i
2023-01-01,Raging Bull,1980,https://boxd.it/28yI
2023-01-01,Lone Wolf and Cub: Sword of Vengeance,1972,https://boxd.it/Zia
2023-01-01,Snow White and the Seven Dwarfs,1937,https://boxd.it/2arO
2023-01-03,Close-Up,1990,https://boxd.it/1m9q
2023-01-04,Tokyo Drifter,1966,https://boxd.it/OTY
2023-01-04,Marcel the Shell with Shoes On,2021,https://boxd.it/wMAk
2023-01-04,"Crouching Tiger, Hidden Dragon",2000,https://boxd.it/2b1M
2023-01-08,The Menu,2022,https://boxd.it/lScm
2023-01-10,Do the Right Thing,1989,https://boxd.it/29gA
2023-01-10,Moneyball,2011,https://boxd.it/glS
2023-01-11,The Sound of Music,1965,https://boxd.it/1MLK
2023-01-11,Sanjuro,1962,https://boxd.it/1TaQ
2023-01-11,Puss in Boots: The Last Wish,2022,https://boxd.it/aaie
2023-01-11,Alice in Wonderland,1951,https://boxd.it/1Sz6
2023-01-11,Bambi,1942,https://boxd.it/25AQ
2023-01-11,The Bird with the Crystal Plumage,1970,https://boxd.it/1DDW
2023-01-12,Easy Rider,1969,https://boxd.it/29Ys
2023-01-12,Dr. Strangelove or: How I Learned to Stop Worrying and Love the Bomb,1964,https://boxd.it/29eY
2023-01-13,Harakiri,1962,https://boxd.it/1NTU
2023-01-13,Blood and Black Lace,1964,https://boxd.it/1qme
2023-01-13,Godzilla,1954,https://boxd.it/28kc
2023-01-14,A Better Tomorrow II,1987,https://boxd.it/1HbW
2023-01-14,High and Low,1963,https://boxd.it/1RSc
2023-01-16,Ran,1985,https://boxd.it/1Tlu
2023-01-16,A Fistful of Dollars,1964,https://boxd.it/2auo
2023-01-16,Audition,1999,https://boxd.it/1UHm
2023-01-19,Cure,1997,https://boxd.it/1blA
2023-01-20,Drunken Master II,1994,https://boxd.it/1Si0
2023-01-22,Fallen Angels,1995,https://boxd.it/1UkW
2023-01-22,Office Uprising,2018,https://boxd.it/dgLW
2023-01-22,Once a Thief,1991,https://boxd.it/KLG
2023-01-23,Samurai Rebellion,1967,https://boxd.it/2loc
2023-01-24,A Hero Never Dies,1998,https://boxd.it/jBY
2023-01-25,Terminator 2: Judgment Day,1991,https://boxd.it/2aGY
2023-01-25,Samurai III: Duel at Ganryu Island,1956,https://boxd.it/1jeM
2023-01-26,The Hidden Fortress,1958,https://boxd.it/295M
2023-01-26,The 400 Blows,1959,https://boxd.it/2b1C
2023-01-27,Bicycle Thieves,1948,https://boxd.it/23hW
2023-01-28,Exiled,2006,https://boxd.it/1Pn2
2023-01-29,Raiders of the Lost Ark,1981,https://boxd.it/2bbs
2023-01-29,Throw Down,2004,https://boxd.it/1vme
2023-01-30,Sanshiro Sugata,1943,https://boxd.it/1cWC
2023-01-31,Election 2,2006,https://boxd.it/1MRe
2023-02-04,The Visit,2015,https://boxd.it/9ssO
2023-02-05,L'Argent,1983,https://boxd.it/XIg
2023-02-07,In the Mood for Love,2000,https://boxd.it/29tE
2023-02-07,Godzilla vs. Hedorah,1971,https://boxd.it/13C4
2023-02-09,Lone Wolf and Cub: Baby Cart at the River Styx,1972,https://boxd.it/1I2Q
2023-02-11,My Own Private Idaho,1991,https://boxd.it/2ak4
2023-02-11,Running Out of Time,1999,https://boxd.it/26Gq
2023-02-12,PTU,2003,https://boxd.it/1vCQ
2023-02-18,Breaking News,2004,https://boxd.it/1RKs
2023-02-18,The Untold Story,1993,https://boxd.it/134c
2023-02-19,Police Story 2,1988,https://boxd.it/1VtU
2023-02-19,Train to Busan,2016,https://boxd.it/dSQU
2023-02-20,The Heroic Trio,1993,https://boxd.it/TYu
2023-02-20,Maleficent,2014,https://boxd.it/3v1u
2023-02-23,Happy Together,1997,https://boxd.it/1Ha0
2023-02-24,Drumline,2002,https://boxd.it/1Q2Y
2023-02-26,Lawrence of Arabia,1962,https://boxd.it/2wRE
2023-03-01,Hero,2002,https://boxd.it/2bcq
2023-03-01,Rocky,1976,https://boxd.it/28Uk
2023-03-03,Rocky II,1979,https://boxd.it/28Ua
2023-03-03,Rocky III,1982,https://boxd.it/28Tw
2023-03-03,Creed III,2023,https://boxd.it/pf68
2023-03-03,Rocky IV,1985,https://boxd.it/28T2
2023-03-04,Fist of Fury,1972,https://boxd.it/1TaG
2023-03-05,Red Cliff,2008,https://boxd.it/1S6y
2023-03-06,Red Cliff II,2009,https://boxd.it/1Ml8
2023-03-08,The Tale of Zatoichi,1962,https://boxd.it/1JMq
2023-03-09,Akira,1988,https://boxd.it/2b1i
2023-03-09,The Cat in the Hat,2003,https://boxd.it/1VSU
2023-03-09,The Santa Clause,1994,https://boxd.it/1TWK
2023-03-11,Full Contact,1992,https://boxd.it/1sAC
2023-03-12,Twin Dragons,1992,https://boxd.it/1GmE
2023-03-12,Ugetsu,1953,https://boxd.it/1NyM
2023-03-12,Scream VI,2023,https://boxd.it/zdfW
2023-03-13,Stray Dog,1949,https://boxd.it/1ltu
2023-03-14,Tetsuo: The Iron Man,1989,https://boxd.it/ZoM
2023-03-14,The Tale of Zatoichi Continues,1962,https://boxd.it/1JMg
2023-03-14,My Neighbor Totoro,1988,https://boxd.it/20eA
2023-03-14,Suspiria,1977,https://boxd.it/1SNW
2023-03-16,"Yes, Madam!",1985,https://boxd.it/13EE
2023-03-16,The Mission,1999,https://boxd.it/OvW
2023-03-18,Enough,2002,https://boxd.it/27Lw
2023-03-19,Tenebre,1982,https://boxd.it/1mRM
2023-03-19,Opera,1987,https://boxd.it/1E2M
2023-03-22,The Others,2001,https://boxd.it/27Po
2023-03-23,Deep Red,1975,https://boxd.it/1E1E
2023-03-24,Wheels on Meals,1984,https://boxd.it/1Unm
2023-03-24,John Wick: Chapter 4,2023,https://boxd.it/mh48
2023-03-25,Ghost in the Shell,1995,https://boxd.it/1YYc
2023-03-25,12 Angry Men,1957,https://boxd.it/2auI
2023-03-26,The Thing,1982,https://boxd.it/294O
2023-03-26,Django,1966,https://boxd.it/1Vr0
2023-03-26,The Princess and the Frog,2009,https://boxd.it/1WQq
2023-03-26,Paul Blart: Mall Cop 2,2015,https://boxd.it/7Acq
2023-03-28,Vertigo,1958,https://boxd.it/2apI
2023-03-30,Battle Royale,2000,https://boxd.it/25zS
2023-03-31,The Warriors,1979,https://boxd.it/1TLC
2023-04-01,Sonatine,1993,https://boxd.it/20TI
2023-04-01,Game of Death,1978,https://boxd.it/1Qpe
2023-04-02,For a Few Dollars More,1965,https://boxd.it/29eu
2023-04-03,North by Northwest,1959,https://boxd.it/2aRM
2023-04-07,"The Good, the Bad and the Ugly",1966,https://boxd.it/2ape
2023-04-08,Dragons Forever,1988,https://boxd.it/1BtK
2023-04-12,Project A,1983,https://boxd.it/1BLY
2023-04-21,Neerja,2016,https://boxd.it/d6kc
2023-04-21,Scooby-Doo! and the Witch's Ghost,1999,https://boxd.it/1IeM
2023-04-21,Royal Warriors,1986,https://boxd.it/Pve
2023-04-24,Police Story 3: Super Cop,1992,https://boxd.it/1Uyk
2023-04-27,Black Sunday,1960,https://boxd.it/1rlG
2023-04-28,Mean Girls,2004,https://boxd.it/1VNg
2023-04-29,Fat Choi Spirit,2002,https://boxd.it/gpK
2023-04-30,The Nightmare Before Christmas,1993,https://boxd.it/1YzQ
2023-04-30,Toy Story 2,1999,https://boxd.it/29qq
2023-04-30,Home Alone 2: Lost in New York,1992,https://boxd.it/29F6
2023-04-30,Hercules,1997,https://boxd.it/1SDW
2023-04-30,Stuart Little,1999,https://boxd.it/1WZW
2023-04-30,It,1990,https://boxd.it/26tG
2023-04-30,The Emperor's New Groove,2000,https://boxd.it/1Tey
2023-04-30,Chicken Run,2000,https://boxd.it/20Xg
2023-04-30,An Extremely Goofy Movie,2000,https://boxd.it/1LOo
2023-04-30,Scooby-Doo and the Alien Invaders,2000,https://boxd.it/1Dxk
2023-04-30,Atlantis: The Lost Empire,2001,https://boxd.it/1Vck
2023-04-30,Fist of Legend,1994,https://boxd.it/1I30
2023-05-01,Ghostbusters,1984,https://boxd.it/g2w
2023-05-01,The Jungle Book,2016,https://boxd.it/8wjk
2023-05-05,Violent Cop,1989,https://boxd.it/1Rym
2023-05-06,Hoot,2006,https://boxd.it/1HfE
2023-05-06,Dungeons & Dragons: Honor Among Thieves,2023,https://boxd.it/hN1A
2023-05-08,Monty Python and the Holy Grail,1975,https://boxd.it/29GI
2023-05-08,10 Things I Hate About You,1999,https://boxd.it/23AO
2023-05-08,Hard Target,1993,https://boxd.it/27Ck
2023-05-09,Lilo & Stitch,2002,https://boxd.it/1TAY
2023-05-09,Treasure Planet,2002,https://boxd.it/1Znm
2023-05-11,Mad Max,1979,https://boxd.it/1Y7i
2023-05-12,The Cobbler,2014,https://boxd.it/70XA
2023-05-12,Ip Man,2008,https://boxd.it/1NrQ
2023-05-12,Air,2023,https://boxd.it/Arlc
2023-05-13,Night at the Museum,2006,https://boxd.it/28wi
2023-05-13,Madagascar: Escape 2 Africa,2008,https://boxd.it/1W2K
2023-05-13,Onibaba,1964,https://boxd.it/252a
2023-05-14,Fearless,2006,https://boxd.it/20Qa
2023-05-17,Guardians of the Galaxy Vol. 3,2023,https://boxd.it/fVNI
2023-05-17,Amélie,2001,https://boxd.it/2aUc
2023-05-17,The Super Mario Bros. Movie,2023,https://boxd.it/i8C8
2023-05-19,Miracle on 34th Street,1947,https://boxd.it/1SRu
2023-05-19,Notorious,1946,https://boxd.it/2aDK
2023-05-19,Rudolph the Red-Nosed Reindeer,1964,https://boxd.it/1Qis
2023-05-20,The Lorax,2012,https://boxd.it/2w9M
2023-05-20,As Tears Go By,1988,https://boxd.it/1ybI
2023-05-21,Midnight Cowboy,1969,https://boxd.it/25Hi
2023-05-21,The Goonies,1985,https://boxd.it/1YVC
2023-05-22,Dilwale,2015,https://boxd.it/cR60
2023-05-22,Singin' in the Rain,1952,https://boxd.it/29oY
2023-05-23,Once Upon a Time in China,1991,https://boxd.it/1VOy
2023-05-24,Predator,1987,https://boxd.it/2b84
2023-05-24,Brief Encounter,1945,https://boxd.it/29sm
2023-05-25,Peter Pan,1953,https://boxd.it/1VCC
2023-05-25,The Abrafaxe – Under The Black Flag,2001,https://boxd.it/Ef0
2023-05-25,Double Indemnity,1944,https://boxd.it/297I
2023-05-25,Eastern Condors,1987,https://boxd.it/2c48
2023-05-26,Airplane!,1980,https://boxd.it/29yu
2023-05-26,Duel,1971,https://boxd.it/29ui
2023-05-27,Escape from New York,1981,https://boxd.it/294k
2023-05-31,The 36th Chamber of Shaolin,1978,https://boxd.it/1SXC
2023-06-01,Blazing Saddles,1974,https://boxd.it/1UHQ
2023-06-02,The Maltese Falcon,1941,https://boxd.it/29c4
2023-06-02,Thief,1981,https://boxd.it/1TEc
2023-06-02,Sholay,1975,https://boxd.it/1Saq
2023-06-02,Chennai Express,2013,https://boxd.it/69tM
2023-06-04,Total Recall,1990,https://boxd.it/29qK
2023-06-04,Carrie,1976,https://boxd.it/20ZQ
2023-06-05,Raise the Red Lantern,1991,https://boxd.it/1WlC
2023-06-05,Fast X,2023,https://boxd.it/drIu
2023-06-07,Spider-Man: Across the Spider-Verse,2023,https://boxd.it/kSz4
2023-06-08,First Blood,1982,https://boxd.it/28U0
2023-06-09,Days of Being Wild,1990,https://boxd.it/1HbC
2023-06-09,Hatchet for the Honeymoon,1970,https://boxd.it/1qn2
2023-06-10,Happy Feet,2006,https://boxd.it/1XH0
2023-06-10,Night of the Living Dead,1968,https://boxd.it/1WwA
2023-06-11,Frosty the Snowman,1969,https://boxd.it/1PEC
2023-06-11,Charlotte's Web,2006,https://boxd.it/1Xn0
2023-06-11,The Texas Chain Saw Massacre,1974,https://boxd.it/1lcS
2023-06-12,Eraserhead,1977,https://boxd.it/299u
2023-06-12,The Exorcist,1973,https://boxd.it/1Yoo
2023-06-13,Lupin the Third: The Castle of Cagliostro,1979,https://boxd.it/1Mn4
2023-06-14,Superman,1978,https://boxd.it/27Qm
2023-06-14,Friday the 13th,1980,https://boxd.it/24fs
2023-06-15,Mad Max 2,1981,https://boxd.it/1ZPg
2023-06-16,The American Friend,1977,https://boxd.it/1UkC
2023-06-16,The Flash,2023,https://boxd.it/9twC
2023-06-17,Evil Dead Rise,2023,https://boxd.it/qIvo
2023-06-17,Mr. Nice Guy,1997,https://boxd.it/1VNK
2023-06-17,All the President's Men,1976,https://boxd.it/29lU
2023-06-19,Cocaine Bear,2023,https://boxd.it/ugw2
2023-06-20,Come Drink with Me,1966,https://boxd.it/1uf2
2023-06-20,The Graduate,1967,https://boxd.it/18Im
2023-06-20,The Aristocats,1970,https://boxd.it/1X3Y
2023-06-23,Dog Day Afternoon,1975,https://boxd.it/29bg
2023-06-24,Once Upon a Time in the West,1968,https://boxd.it/2az4
2023-06-25,Stand and Deliver,1988,https://boxd.it/1o5g
2023-06-25,Network,1976,https://boxd.it/1VqG
2023-06-27,Rosemary's Baby,1968,https://boxd.it/29zM
2023-06-28,Armour of God,1986,https://boxd.it/1UXa
2023-06-28,Extraction 2,2023,https://boxd.it/q4Zo
2023-06-28,Tombstone,1993,https://boxd.it/1SE6
2023-06-30,Pierrot le Fou,1965,https://boxd.it/26j2
2023-06-30,Black Christmas,1974,https://boxd.it/1Js6
2023-07-01,Project A: Part II,1987,https://boxd.it/1BLO
2023-07-02,Aliens,1986,https://boxd.it/29PA
2023-07-02,Rango,2011,https://boxd.it/QPk
2023-07-03,Operation Condor,1991,https://boxd.it/1UX0
2023-07-03,Fantastic Planet,1973,https://boxd.it/1KnQ
2023-07-03,Pickpocket,1959,https://boxd.it/29O8
2023-07-03,[REC],2007,https://boxd.it/20ma
2023-07-04,His Girl Friday,1940,https://boxd.it/25M8
2023-07-04,The Young and the Damned,1950,https://boxd.it/29AA
2023-07-05,Run Lola Run,1998,https://boxd.it/2b8o
2023-07-06,The Passion of Joan of Arc,1928,https://boxd.it/29DO
2023-07-06,Persona,1966,https://boxd.it/29B4
2023-07-06,A Bay of Blood,1971,https://boxd.it/232i
2023-07-06,Rope,1948,https://boxd.it/28yo
2023-07-07,X2,2003,https://boxd.it/1a7i
2023-07-07,The 39 Steps,1935,https://boxd.it/2aKc
2023-07-07,Indiana Jones and the Temple of Doom,1984,https://boxd.it/2bb8
2023-07-07,The Girl Who Knew Too Much,1963,https://boxd.it/1qou
2023-07-07,Stand by Me,1986,https://boxd.it/2aOe
2023-07-08,It Chapter Two,2019,https://boxd.it/h10u
2023-07-08,Inferno,2016,https://boxd.it/6dMS
2023-07-08,Black Mirror: Bandersnatch,2018,https://boxd.it/kTDG
2023-07-08,The SpongeBob SquarePants Movie,2004,https://boxd.it/1SYq
2023-07-08,City Lights,1931,https://boxd.it/29ki
2023-07-09,Indiana Jones and the Last Crusade,1989,https://boxd.it/2baO
2023-07-09,Millionaires' Express,1986,https://boxd.it/hsU
2023-07-10,Three Outlaw Samurai,1964,https://boxd.it/jni
2023-07-10,Annie Hall,1977,https://boxd.it/29M2
2023-07-11,Jurassic Park,1993,https://boxd.it/2aA2
2023-07-12,JCVD,2008,https://boxd.it/1PF6
2023-07-12,Robots,2005,https://boxd.it/1Xve
2023-07-13,Drug War,2012,https://boxd.it/3IcK
2023-07-14,Rear Window,1954,https://boxd.it/2a6Q
2023-07-14,Jack the Giant Slayer,2013,https://boxd.it/2Pwq
2023-07-16,Twin Peaks,1989,https://boxd.it/g8pk
2023-07-16,Spirited Away,2001,https://boxd.it/2b4m
2023-07-16,A Moment of Romance,1990,https://boxd.it/2PLU
2023-07-17,Porco Rosso,1992,https://boxd.it/1Tp2
2023-07-17,Memento,2000,https://boxd.it/2bcK
2023-07-18,The Lady Vanishes,1938,https://boxd.it/29ea
2023-07-19,Mothra,1961,https://boxd.it/13K8
2023-07-19,Mission: Impossible – Dead Reckoning Part One,2023,https://boxd.it/l7zS
2023-07-20,Sparrow,2008,https://boxd.it/20YS
2023-07-20,Who Am I?,1998,https://boxd.it/1ZVI
2023-07-20,The Young Master,1980,https://boxd.it/1TxU
2023-07-21,Ashes of Time,1994,https://boxd.it/111K
2023-07-22,Oppenheimer,2023,https://boxd.it/wUow
2023-07-22,Barbie,2023,https://boxd.it/bCLK
2023-07-23,Kiki's Delivery Service,1989,https://boxd.it/1JAY
2023-07-24,Astro Boy,2009,https://boxd.it/1JVW
2023-07-25,The Grandmaster,2013,https://boxd.it/QU0
2023-07-25,Jungle Cruise,2021,https://boxd.it/g4YK
2023-07-26,Black Sabbath,1963,https://boxd.it/1qoa
2023-07-26,"Kill, Baby... Kill!",1966,https://boxd.it/1qnc
2023-07-27,Lisa and the Devil,1973,https://boxd.it/232M
2023-07-29,Godzilla Raids Again,1955,https://boxd.it/28k2
2023-07-30,Nausicaä of the Valley of the Wind,1984,https://boxd.it/2bc6
2023-07-31,Saw,2004,https://boxd.it/2aWW
2023-08-01,Return to the 36th Chamber,1980,https://boxd.it/INg
2023-08-02,Castle in the Sky,1986,https://boxd.it/1W4G
2023-08-03,Rodan,1956,https://boxd.it/1EBi
2023-08-04,Mothra vs. Godzilla,1964,https://boxd.it/28jy
2023-08-04,Johnny English Reborn,2011,https://boxd.it/kQq
2023-08-05,The Way of the Dragon,1972,https://boxd.it/1YCq
2023-08-07,Princess Mononoke,1997,https://boxd.it/2b4w
2023-08-08,A Woman Is a Woman,1961,https://boxd.it/1iUC
2023-08-10,Zindagi Na Milegi Dobara,2011,https://boxd.it/efo
2023-08-10,The Sword of Doom,1966,https://boxd.it/1EoS
2023-08-10,No Hard Feelings,2023,https://boxd.it/xouu
2023-08-12,Dragon Inn,1967,https://boxd.it/3xGa
2023-08-13,Now You See Me,2013,https://boxd.it/2Bsu
2023-08-13,Vampyr,1932,https://boxd.it/29DY
2023-08-16,Vivre Sa Vie,1962,https://boxd.it/28s6
2023-08-18,Breathless,1960,https://boxd.it/2aIK
2023-08-20,M,1931,https://boxd.it/29vq
2023-08-20,Blow Out,1981,https://boxd.it/1TlE
2023-08-21,Cléo from 5 to 7,1962,https://boxd.it/2agm
2023-08-22,Batman Ninja,2018,https://boxd.it/hwle
2023-08-22,Branded to Kill,1967,https://boxd.it/1HSQ
2023-08-22,They Live,1988,https://boxd.it/20lm
2023-08-23,"Goodbye, Dragon Inn",2003,https://boxd.it/oFG
2023-08-24,Accident,2009,https://boxd.it/1vKq
2023-08-25,The French Connection,1971,https://boxd.it/296g
2023-08-25,Rebecca,1940,https://boxd.it/2aQa
2023-08-27,Sansho the Bailiff,1954,https://boxd.it/1Dkq
2023-08-27,Sherlock Jr.,1924,https://boxd.it/298m
2023-08-27,Modern Times,1936,https://boxd.it/25MC
2023-08-27,Monsters vs Aliens,2009,https://boxd.it/1M50
2023-08-28,In the Mouth of Madness,1994,https://boxd.it/26vi
2023-08-31,La Haine,1995,https://boxd.it/2as8
2023-09-02,Space Jam,1996,https://boxd.it/26YO
2023-09-05,Teenage Mutant Ninja Turtles: Mutant Mayhem,2023,https://boxd.it/mK0a
2023-09-06,Bottoms,2023,https://boxd.it/uGf2
2023-09-10,Once Upon a Time in China II,1992,https://boxd.it/1VOo
2023-09-12,Pedicab Driver,1989,https://boxd.it/1onO
2023-09-13,Sorcerer,1977,https://boxd.it/14J6
2023-09-15,Winners & Sinners,1983,https://boxd.it/1vCm
2023-09-16,Alphaville,1965,https://boxd.it/20AG
2023-09-16,My Lucky Stars,1985,https://boxd.it/1Xe8
2023-09-16,Bloodsport,1988,https://boxd.it/1Tee
2023-09-18,Contempt,1963,https://boxd.it/2aJe
2023-09-23,The Professional,1981,https://boxd.it/28l0
2023-09-25,Braindead,1992,https://boxd.it/29Gy
2023-09-25,Wrath of the Titans,2012,https://boxd.it/nlU
2023-09-26,Where Is the Friend's House?,1987,https://boxd.it/ELg
2023-09-27,Masculin Féminin,1966,https://boxd.it/23UY
2023-09-28,Next Avengers: Heroes of Tomorrow,2008,https://boxd.it/1NJA
2023-09-29,Inferno,1980,https://boxd.it/1KbK
2023-09-30,Millennium Actress,2001,https://boxd.it/1fK0
2023-10-01,Happiness,1965,https://boxd.it/xyk
2023-10-05,The War of the Gargantuas,1966,https://boxd.it/25EI
2023-10-06,Cronos,1992,https://boxd.it/1TjS
2023-10-07,Women on the Verge of a Nervous Breakdown,1988,https://boxd.it/24GI
2023-10-08,The Equalizer 3,2023,https://boxd.it/yU54
2023-10-10,From Beijing with Love,1994,https://boxd.it/Zuq
2023-10-12,Badlands,1973,https://boxd.it/25Fm
2023-10-14,The Great Silence,1968,https://boxd.it/1ZlA
2023-10-16,Invasion of the Body Snatchers,1956,https://boxd.it/1TAa
2023-10-17,Nosferatu,1922,https://boxd.it/29TM
2023-10-20,Killers of the Flower Moon,2023,https://boxd.it/gHp0
2023-10-22,Belladonna of Sadness,1973,https://boxd.it/2q
2023-10-23,Live Flesh,1997,https://boxd.it/2aJ4
2023-10-26,Dracula,1931,https://boxd.it/2b34
2023-10-28,Shaolin Soccer,2001,https://boxd.it/1T86
2023-10-29,The Invisible Man,1933,https://boxd.it/1VoK
2023-10-29,The Wolf Man,1941,https://boxd.it/1PG4
2023-10-30,Irma Vep,1996,https://boxd.it/1vYs
2023-10-31,Five Nights at Freddy's,2023,https://boxd.it/ikHu
2023-11-01,Terror of Mechagodzilla,1975,https://boxd.it/1Fhe
2023-11-05,The Skin I Live In,2011,https://boxd.it/99A
2023-11-07,The Great Dictator,1940,https://boxd.it/29ic
2023-11-08,"Ghidorah, the Three-Headed Monster",1964,https://boxd.it/1Lze
2023-11-10,Justice League vs. Teen Titans,2016,https://boxd.it/dc8w
2023-11-11,The Marvels,2023,https://boxd.it/mwU4
2023-11-12,The Killer,2023,https://boxd.it/u6WE
2023-11-12,The Conformist,1970,https://boxd.it/20cE
2023-11-14,Batman,1966,https://boxd.it/26uO
2023-11-16,Demons,1985,https://boxd.it/1OTQ
2023-11-18,All Monsters Attack,1969,https://boxd.it/13Co
2023-11-19,Space Chimps,2008,https://boxd.it/1T3q
2023-11-20,Lars and the Real Girl,2007,https://boxd.it/21tG
2023-11-21,The Quiet Duel,1949,https://boxd.it/18aO
2023-11-25,The Blob,1958,https://boxd.it/1ZKA
2023-11-26,The Big Boss,1971,https://boxd.it/1RU8
2023-11-29,"Aguirre, the Wrath of God",1972,https://boxd.it/27Fe
2023-12-02,Mr. Vampire,1985,https://boxd.it/2g4m
2023-12-03,May December,2023,https://boxd.it/vEE2
2023-12-04,Shin Godzilla,2016,https://boxd.it/a9lm
2023-12-06,Godzilla Minus One,2023,https://boxd.it/zu4c
2023-12-08,The Holdovers,2023,https://boxd.it/vHza
2023-12-09,Ohio Walnuts,2023,https://boxd.it/FBDA
2023-12-09,Encounters of the Spooky Kind,1980,https://boxd.it/1LEe
2023-12-15,Skyrunners,2009,https://boxd.it/1oWk
2023-12-15,No One Will Save You,2023,https://boxd.it/uUO6
2023-12-15,Joy Ride,2001,https://boxd.it/1Vca
2023-12-16,Weekend,1967,https://boxd.it/20Ac
2023-12-17,Mad Fate,2023,https://boxd.it/ABnC
2023-12-18,The Prisoner of Shark Island,1936,https://boxd.it/2FFM
2023-12-19,Beverly Hills Cop,1984,https://boxd.it/2baE
2023-12-19,Jawan,2023,https://boxd.it/wVDs
2023-12-20,The Boy and the Heron,2023,https://boxd.it/ipeM
2023-12-21,Altered States,1980,https://boxd.it/1TBi
2023-12-23,Saltburn,2023,https://boxd.it/z4eg
2023-12-24,Dream Scenario,2023,https://boxd.it/v2h0
2023-12-24,The Hunt for Red October,1990,https://boxd.it/28lk
2023-12-25,On the Waterfront,1954,https://boxd.it/29TC
2023-12-26,Godzilla vs. Mechagodzilla,1974,https://boxd.it/15Gs
2023-12-28,Silent Night,2023,https://boxd.it/xEF4
2023-12-28,Godzilla vs. Gigan,1972,https://boxd.it/1FgU
2023-12-28,Godzilla vs. Megalon,1973,https://boxd.it/145U
2023-12-29,Renfield,2023,https://boxd.it/o8vy
2023-12-29,F for Fake,1973,https://boxd.it/VxA
2023-12-30,The Godfather Part II,1974,https://boxd.it/2aNq
2023-12-31,When Evil Lurks,2023,https://boxd.it/rXBe
2024-01-01,The Driver,1978,https://boxd.it/27jW
2024-01-04,Le Cercle Rouge,1970,https://boxd.it/1Tjy
2024-01-04,Assault on Precinct 13,1976,https://boxd.it/1I2c
2024-01-07,Evil Dead,2013,https://boxd.it/3GPq
2024-01-11,Snake in the Eagle's Shadow,1978,https://boxd.it/1TC6
2024-01-16,The New One-Armed Swordsman,1971,https://boxd.it/1qoO
2024-01-19,Willy Wonka & the Chocolate Factory,1971,https://boxd.it/2aLu
2024-01-20,Big Trouble in Little China,1986,https://boxd.it/21em
2024-01-20,Ted,2012,https://boxd.it/2pgc
2024-01-21,Elevator to the Gallows,1958,https://boxd.it/294u
2024-01-22,Fearless Hyena,1979,https://boxd.it/1Fnw
2024-01-24,The Fog,1980,https://boxd.it/29Cc
2024-01-24,American Fiction,2023,https://boxd.it/DYHm
2024-01-29,Half a Loaf of Kung Fu,1978,https://boxd.it/1GaI
2024-01-29,Invasion of Astro-Monster,1965,https://boxd.it/1EXe
2024-01-31,Anatomy of a Fall,2023,https://boxd.it/yuDE
2024-02-03,Stagecoach,1939,https://boxd.it/297S
2024-02-04,The Beekeeper,2024,https://boxd.it/wJzS
2024-02-05,Destroy All Monsters,1968,https://boxd.it/25IK
2024-02-05,King Kong vs. Godzilla,1962,https://boxd.it/28jS
2024-02-08,The Curse of Frankenstein,1957,https://boxd.it/25N6
2024-02-09,"Gamera, the Giant Monster",1965,https://boxd.it/1Bi8
2024-02-09,Dawn of the Dead,1978,https://boxd.it/29gU
2024-02-11,Frankenstein,1931,https://boxd.it/25Te
2024-02-12,The Black Cat,1934,https://boxd.it/1yik
2024-02-12,Gamera vs. Jiger,1970,https://boxd.it/2tNY
2024-02-14,Creature from the Black Lagoon,1954,https://boxd.it/1UXk
2024-02-17,The Mummy,1932,https://boxd.it/1LnW
2024-02-18,The Iron Claw,2023,https://boxd.it/w5Pm
2024-02-20,Spiritual Kung Fu,1978,https://boxd.it/1Gni
2024-02-21,Strangers on a Train,1951,https://boxd.it/29tk
2024-02-23,The Day the Earth Stood Still,1951,https://boxd.it/29w4
2024-02-24,Law of Desire,1987,https://boxd.it/24Pg
2024-02-26,Dune: Part Two,2024,https://boxd.it/pUfA
2024-02-29,Bride of Frankenstein,1935,https://boxd.it/2aPc
2024-03-02,The Spirit of the Beehive,1973,https://boxd.it/24eY
2024-03-04,Poor Things,2023,https://boxd.it/tNWU
2024-03-09,Rififi,1955,https://boxd.it/29f8
2024-03-09,Lisa Frankenstein,2024,https://boxd.it/ByjY
2024-03-11,The Italian Job,1969,https://boxd.it/1W1i
2024-03-14,Two Evil Eyes,1990,https://boxd.it/1njc
2024-03-18,Pacific Rim,2013,https://boxd.it/2cB2
2024-03-20,Phenomena,1985,https://boxd.it/1o4s
2024-03-22,Dreams,1990,https://boxd.it/1ROu
2024-03-24,A Christmas Story,1983,https://boxd.it/29sw
2024-03-24,"Merry Christmas, Mr. Lawrence",1983,https://boxd.it/1SHu
2024-03-27,Joint Security Area,2000,https://boxd.it/26Ja
2024-04-01,The Kid,1921,https://boxd.it/1X5U
2024-04-03,Twin Peaks: The Return,2017,https://boxd.it/hN9O
2024-04-08,The Circus,1928,https://boxd.it/1orm
2024-04-13,Dracula,1958,https://boxd.it/1STA
2024-04-19,The Mummy,1959,https://boxd.it/1FUU
2024-04-25,The Gold Rush,1925,https://boxd.it/29ce
2024-04-27,Slumdog Millionaire,2008,https://boxd.it/1S3E
2024-04-29,Tie Me Up! Tie Me Down!,1989,https://boxd.it/26FW
2024-04-29,Late Night with the Devil,2023,https://boxd.it/zo6G
2024-04-30,The Karate Kid,1984,https://boxd.it/27Wk
2024-05-05,Monkey Man,2024,https://boxd.it/kvsO
2024-05-06,Marathon Man,1976,https://boxd.it/1W4c
2024-05-07,Grosse Pointe Blank,1997,https://boxd.it/1YGW
2024-05-07,Straw Dogs,1971,https://boxd.it/2982
2024-05-08,The Omen,1976,https://boxd.it/29By
2024-05-08,Challengers,2024,https://boxd.it/zld0
2024-05-08,The Fall Guy,2024,https://boxd.it/s0Bm
2024-05-10,Kingdom of the Planet of the Apes,2024,https://boxd.it/ohEE
2024-05-11,Klute,1971,https://boxd.it/2ako
2024-05-11,Dirty Harry,1971,https://boxd.it/299E
2024-05-12,Escape from Alcatraz,1979,https://boxd.it/1Vwk
2024-05-12,The King of Comedy,1982,https://boxd.it/2aJS
2024-05-14,Abigail,2024,https://boxd.it/G0NA
2024-05-14,Godzilla × Kong: The New Empire,2024,https://boxd.it/v1PK
2024-05-16,The Birds,1963,https://boxd.it/2a6m
2024-05-16,Cape Fear,1991,https://boxd.it/28vu
2024-05-17,Paths of Glory,1957,https://boxd.it/29b6
2024-05-18,Gremlins,1984,https://boxd.it/29gg
2024-05-18,Christine,1983,https://boxd.it/1ZRQ
2024-05-19,E.T. the Extra-Terrestrial,1982,https://boxd.it/2a1G
2024-05-19,The Prodigal Son,1981,https://boxd.it/Zvy
2024-05-20,Butch Cassidy and the Sundance Kid,1969,https://boxd.it/29Vy
2024-05-22,The Conversation,1974,https://boxd.it/2a38
2024-05-23,JFK,1991,https://boxd.it/29xm
2024-05-23,One-Armed Boxer,1972,https://boxd.it/EKM
2024-05-24,Ten Tigers of Kwangtung,1979,https://boxd.it/i8Q
2024-05-24,RoboCop,1987,https://boxd.it/22Wu
2024-05-26,Furiosa: A Mad Max Saga,2024,https://boxd.it/tABk
2024-05-28,Civil War,2024,https://boxd.it/z1jW
2024-05-28,Child's Play,1988,https://boxd.it/1VTo
2024-05-29,Poltergeist,2015,https://boxd.it/79UK
2024-05-29,Poltergeist,1982,https://boxd.it/2a0o
2024-05-31,Eight Hours of Terror,1957,https://boxd.it/bROa
2024-06-04,Dirty Ho,1979,https://boxd.it/uSm
2024-06-04,The First Omen,2024,https://boxd.it/fx08
2024-06-05,Scanners,1981,https://boxd.it/1YqE
2024-06-06,Breakfast at Tiffany's,1961,https://boxd.it/2aYS
2024-06-07,Bad Boys,1995,https://boxd.it/1XVG
2024-06-09,Disciples of the 36th Chamber,1985,https://boxd.it/DkI
2024-06-10,The 8 Diagram Pole Fighter,1984,https://boxd.it/1h2a
2024-06-10,Hit Man,2023,https://boxd.it/ANB2
2024-06-12,The Killing,1956,https://boxd.it/2aMi
2024-06-13,Heroes of the East,1978,https://boxd.it/10te
2024-06-14,Red Eye,2005,https://boxd.it/1TNy
2024-06-15,Fargo,1996,https://boxd.it/2aHM
2024-06-16,Executioners from Shaolin,1977,https://boxd.it/1B0S
2024-06-17,I Saw the TV Glow,2024,https://boxd.it/woVe
2024-06-18,Lady Vengeance,2005,https://boxd.it/248G
2024-06-19,From Dusk Till Dawn,1996,https://boxd.it/29HQ
2024-06-19,The 40 Year Old Virgin,2005,https://boxd.it/21hK
2024-06-19,The Faculty,1998,https://boxd.it/1Z5C
2024-06-20,Bottle Rocket,1996,https://boxd.it/1PDa
2024-06-21,A Bittersweet Life,2005,https://boxd.it/1U4Y
2024-06-21,Harold & Kumar Go to White Castle,2004,https://boxd.it/1Ueu
2024-06-21,The Shawshank Redemption,1994,https://boxd.it/2aHi
2024-06-22,The Bare-Footed Kid,1993,https://boxd.it/4oiK
2024-06-23,I Know What You Did Last Summer,1997,https://boxd.it/2588
2024-06-25,Boyz n the Hood,1991,https://boxd.it/29Ug
2024-06-26,Taxi,1998,https://boxd.it/26UM
2024-06-27,Dazed and Confused,1993,https://boxd.it/1Ylk
2024-06-28,Bad Boys: Ride or Die,2024,https://boxd.it/l3Ki
2024-06-28,A Quiet Place: Day One,2024,https://boxd.it/sDAi
2024-06-28,Crash,1996,https://boxd.it/29n2
2024-06-29,The Boxer's Omen,1983,https://boxd.it/Gx6
2024-07-01,Naked Lunch,1991,https://boxd.it/26ow
2024-07-03,Beneath the Planet of the Apes,1970,https://boxd.it/28j4
2024-07-05,Le Trou,1960,https://boxd.it/1nSw
2024-07-05,Pearl,2022,https://boxd.it/zPbe
2024-07-06,Kill,2023,https://boxd.it/HTqS
2024-07-06,MaXXXine,2024,https://boxd.it/CIM4
2024-07-07,The Lady from Shanghai,1947,https://boxd.it/251Q
2024-07-09,The Wages of Fear,1953,https://boxd.it/2aSK
2024-07-10,Requiem for a Dream,2000,https://boxd.it/29VI
2024-07-10,The Cabinet of Dr. Caligari,1920,https://boxd.it/2aOo
2024-07-10,The Bikeriders,2023,https://boxd.it/C6Ym
2024-07-11,Léon: The Professional,1994,https://boxd.it/2b8S
2024-07-14,Longlegs,2024,https://boxd.it/KzLM
2024-07-16,Fireworks,1997,https://boxd.it/22mQ
2024-07-18,Three Days of the Condor,1975,https://boxd.it/1SF4
2024-07-18,Minecraft but I survive in PARKOUR CIVILIZATION,2023,https://boxd.it/MmeO
2024-07-20,Y Tu Mamá También,2001,https://boxd.it/28QM
2024-07-21,The Fugitive,1993,https://boxd.it/230G
2024-07-21,Army of Darkness,1992,https://boxd.it/29G4
2024-07-22,Rushmore,1998,https://boxd.it/1TAO
2024-07-23,The Exorcist III,1990,https://boxd.it/1Tum
2024-07-24,Twisters,2024,https://boxd.it/qV7a
2024-07-26,Howl's Moving Castle,2004,https://boxd.it/23De
2024-07-26,It's a Wonderful Life,1946,https://boxd.it/28xA
2024-07-28,Spellbound,1945,https://boxd.it/24Ji
2024-07-29,Corpse Bride,2005,https://boxd.it/24WQ
2024-07-29,Twister,1996,https://boxd.it/29S0
2024-07-31,Deadpool & Wolverine,2024,https://boxd.it/jq8s
2024-07-31,Thelma & Louise,1991,https://boxd.it/28Ew
2024-08-02,Mission: Impossible II,2000,https://boxd.it/29cS
2024-08-03,The Woman in the Window,1944,https://boxd.it/1J8U
2024-08-04,The Princess Bride,1987,https://boxd.it/26EY
2024-08-05,Godzilla vs. SpaceGodzilla,1994,https://boxd.it/13BK
2024-08-06,Fast Times at Ridgemont High,1982,https://boxd.it/1QnM
2024-08-07,Trap,2024,https://boxd.it/D4nK
2024-08-09,Umberto D.,1952,https://boxd.it/29vg
2024-08-09,Shadow of a Doubt,1943,https://boxd.it/1BtA
2024-08-12,Man Bites Dog,1992,https://boxd.it/1X7Q
2024-08-12,Miracle,2004,https://boxd.it/1OmM
2024-08-13,Boiling Point,1990,https://boxd.it/1sQA
2024-08-17,Casablanca,1942,https://boxd.it/2aG0
2024-08-19,The Parallax View,1974,https://boxd.it/1ILG
2024-08-20,Funny Games,1997,https://boxd.it/1WKM
2024-08-21,Prometheus,2012,https://boxd.it/2s9e
2024-08-21,Alien: Romulus,2024,https://boxd.it/zGqO
2024-08-23,Possession,1981,https://boxd.it/1BPm
2024-08-26,Sunset Boulevard,1950,https://boxd.it/2a20
2024-08-28,Scarface,1983,https://boxd.it/2b7g
2024-08-30,The Killer,2024,https://boxd.it/ADLG
2024-09-03,All Quiet on the Western Front,1930,https://boxd.it/2b2g
